abeyance,A state of temporary disuse or suspension.,Construction on the new bridge was held in abeyance until funding was approved.
abscond,"To leave secretly, usually to avoid detection or arrest.",The cashier tried to abscond with the store's cash register earnings.
acme,The highest point or peak of perfection or achievement.,Winning the championship trophy was the acme of her athletic career.
amorphous,"Lacking a definite shape, form, or clear structure.",The cloud of smoke had an amorphous shape as it drifted away.
analogous,Comparable or similar in certain respects.,The brain's processing system is analogous to how a computer works.
anomalous,"Deviating from what is normal, standard, or expected.",The warm winter day was anomalous for an area usually covered in ice.
appease,To pacify or calm someone by giving in to their demands.,She gave the toddler a cookie to appease him during the flight.
approbation,"Approval or praise, especially formal or official.",The artist smiled with pride after receiving the committee's approbation.
arbitrary,Based on random choice or whim rather than reason.,The rule felt completely arbitrary because no one could explain why it existed.
artless,"Innocent, simple, and free from deceit or guile.",Her artless answer made it obvious she had no hidden motive.
attenuate,"To make weaker, thinner, or less intense.",Wearing earplugs helps to attenuate the loud noise of the lawnmower.
augment,"To make larger, stronger, or increase by adding to it.",He took a weekend job to augment his regular income.
aver,To declare or state positively as true.,The witness was willing to aver that she saw the suspect leave the scene.
bucolic,Relating to the pleasant aspects of the countryside or rural life.,"They spent their vacation relaxing in a peaceful, bucolic village."
buttress,"To support, strengthen, or reinforce.",She used statistics and charts to buttress her argument during the presentation.
calumny,A false statement made to damage someone's reputation.,The politician accused his rival of spreading calumny to win the election.
cardinal,Of primary importance or fundamental.,Protecting customer privacy is a cardinal rule for any online business.
castigate,To criticize or punish severely.,The coach was quick to castigate players who showed up late to practice.
circumspect,"Cautious, prudent, and careful to consider all risks.",Investors must be circumspect when putting money into unpredictable markets.
commensurate,"Corresponding in size, degree, or amount; proportionate.",Your starting salary will be commensurate with your work experience.
confound,"To confuse, perplex, or surprise.",The sudden plot twist was sure to confound even the smartest viewers.
connoisseur,An expert judge in matters of art or taste.,"As a coffee connoisseur, he could identify the exact origin of the roasted beans."
conspicuous,"Easily seen, noticeable, or attracting attention.",His bright yellow hat made him conspicuous in the large crowd.
curmudgeon,"A bad-tempered, irritable person.",The old curmudgeon complained about the neighborhood kids playing music.
demur,To object or express disagreement.,"Everyone supported the decision, but Sarah decided to demur."
desultory,"Lacking a clear plan, purpose, or enthusiasm.","He made a desultory effort to study, frequently checking his phone."
diffident,"Shy, reserved, and lacking self-confidence.",The diffident student hesitated to raise her hand to answer the question.
dilatory,Slow to act or intended to cause delay.,The company's dilatory response upset customers waiting for a refund.
disingenuous,"Insincere, dishonest, or giving a false appearance of frankness.",His apology felt disingenuous because he kept making excuses.
disparage,To belittle or speak of disrespectfully.,You shouldn't disparage someone's hard work just because you don't like the result.
dogmatic,Rigidly asserting opinionated beliefs as facts.,He was so dogmatic in his views that he refused to hear any other opinions.
egregious,"Outstandingly bad, shocking, or offensive.",Sending the confidential email to the wrong client was an egregious mistake.
elucidate,To make clear or explain thoroughly.,The professor drew a simple diagram to elucidate the complex formula.
euphemism,A mild phrase substituted for a harsh or offensive one.,"Saying ""passed away"" is a gentle euphemism for ""died."""
exculpate,To clear from blame or guilt.,Security camera footage helped to exculpate the suspect completely.
exorbitant,"Unreasonably high or excessive, especially of prices or demands.",The hotel charged exorbitant prices during the popular holiday weekend.
extraneous,Irrelevant or unrelated to the subject,Delete any extraneous details from your essay to keep it focused.
fallacious,Based on mistaken logic or false reasoning,His argument was fallacious because it relied on incorrect statistics.
fawn,To try to win favor through excessive flattery,The new employee tried to fawn over the manager to get a promotion.
flag,"To become weak, tired, or lose energy","By the twentieth mile of the marathon, her energy began to flag."
foment,"To stir up, incite, or provoke trouble or rebellion",The angry political speeches helped foment unrest among the crowd.
fortuitous,Happening by chance or accident rather than design,Running into an old friend at the airport was a fortuitous coincidence.
futile,Incapable of producing any useful result; pointless,Trying to start the car with a dead battery proved completely futile.
germane,Relevant and directly applicable to the topic,Please keep your comments germane to the issue we are discussing.
goad,"To provoke, urge, or prod someone into action",His classmates tried to goad him into jumping into the cold lake.
grandiloquent,"Using lofty, pompous, or bombastic language",The speaker’s grandiloquent style turned off listeners who preferred simple facts.
grovel,To humble oneself in a subservient or begging manner,He had to grovel and apologize after breaking his sister's favorite vase.
halcyon,"Idyllically peaceful, calm, and happy",She fondly remembered the halcyon days of her childhood summer vacations.
iconoclast,Someone who attacks traditional beliefs or institutions,"As an iconoclast, the artist constantly challenged standard traditional styles."
idiosyncrasy,"A peculiar trait, habit, or characteristic",Wearing mismatched socks was just one small idiosyncrasy of his personality.
impede,"To delay, obstruct, or hinder progress",Heavy snow started to impede traffic across the entire city.
impervious,Incapable of being penetrated or influenced,"The raincoat is completely impervious to water, keeping you dry."
impugn,"To call into question the truth, validity, or integrity of",The defense attorney tried to impugn the honesty of the key witness.
inscrutable,"Impossible to understand, interpret, or penetrate","Her face remained inscrutable, making it impossible to tell what she was thinking."
intimate,"To hint, imply, or state indirectly","During the meeting, the boss seemed to intimate that layoffs were coming."
intransigent,Stubbornly refusing to compromise or change one's mind,"The union leaders remained intransigent, rejecting every settlement offer."
invective,"Abusive, insulting, or highly critical language",The angry fan shouted harsh invective at the referee after the bad call.
irresolute,Hesitant and uncertain; unable to act decisively,"Staring at the two job offers, she stood irresolute about which one to choose."
itinerant,"Traveling from place to place, especially for work",The itinerant farmworker moved from town to town following the harvest season.
lethargic,Lacking energy; sluggish and inactive,"Feeling lethargic after eating a huge lunch, he took an afternoon nap."
levity,"Humor or lightness, especially in a serious situation",A joke brought a welcome moment of levity to the tense courtroom.
malevolent,Wishing or intending to cause harm to others,The villain in the movie gave a malevolent glare before executing his plan.
miscreant,"A bad, dishonest, or law-breaking person",Police quickly caught the miscreant who spray-painted the park bench.
nominal,Existing in name only; minimal or insignificant in amount,The club charged a nominal fee of one dollar just to join.
oblique,Not direct or straightforward; indirect,He made an oblique reference to his past mistakes without mentioning specifics.
ossify,"To become rigid, inflexible, or set in one's ways","Over time, the old political system began to ossify and resist reform."
patent,Easily recognizable; clear and obvious,Claiming to be an expert after one lesson was a patent lie.
pedestrian,"Dull, ordinary, and lacking inspiration",The restaurant's menu was surprisingly pedestrian and lacked flavor.
pellucid,Exceptionally clear and easy to understand,The textbook's pellucid writing made a difficult topic very easy to grasp.
perennial,Lasting for a long time or continually recurring,Traffic jams are a perennial problem for commuters in big cities.
pernicious,"Highly harmful or destructive, especially in a gradual way",Spreading rumors can have a pernicious effect on a person's reputation.
pervasive,Spreading widely throughout an area or group,The pervasive smell of fresh baking bread filled every room in the house.
petulant,"Childishly bad-tempered, irritable, or sulky","When he didn't win the board game, he acted like a petulant child."
pithy,"Concise, brief, and full of meaning","Her speech was short, pithy, and remembered by everyone in the room."
pragmatic,Practical and sensible rather than theoretical,"Instead of chasing impossible ideas, they chose a pragmatic solution."
prodigious,"Remarkably large, impressive, or extraordinary in size or extent",He had a prodigious appetite and ate an entire large pizza by himself.
proliferate,To increase rapidly in number or spread quickly,Small coffee shops began to proliferate across the entire city.
propensity,A natural inclination or tendency,She has a natural propensity to help anyone who is in trouble.
propitious,Presenting favorable circumstances or likely to succeed,Clear blue skies made it a propitious day for an outdoor picnic.
prosaic,"Dull, ordinary, and lacking imagination",The book's prosaic writing style made it difficult to stay interested.
provincial,"Unsophisticated, limited, or narrow-minded",His provincial attitude made him uncomfortable around foreign cultures.
puerile,"Childish, silly, or immature",Making funny faces during a serious business meeting was completely puerile.
querulous,"Habitually complaining, whiny, or irritable",The querulous passenger complained about every minor delay on the flight.
quixotic,"Exceedingly idealistic, unrealistic, or impractical",His quixotic plan to end world hunger overnight was noble but impossible.
redoubtable,Formidable and worthy of respect or fear,The chess grandmaster was a redoubtable opponent who rarely lost a match.
refractory,Stubbornly resistant to authority or control,The refractory mule refused to walk no matter how hard they pulled its rope.
reprobate,An unprincipled or morally depraved person,The reprobate spent his entire life cheating people out of their money.
reverent,"Showing deep, solemn respect and admiration",The crowd stood in reverent silence as the national anthem began to play.
rhetoric,The art of persuasive speaking or writing,The candidate used powerful rhetoric to convince voters to back his campaign.
sanguine,"Optimistic or cheerful, especially in bad situations","Despite losing the first game, she remained sanguine about winning the title."
scrupulous,"Extremely careful, thorough, and attentive to detail",The accountant was scrupulous about checking every receipt twice.
spartan,"Strictly disciplined, simple, and severe","His spartan apartment contained only a bed, a desk, and a single chair."
superfluous,Unnecessary or exceeding what is needed,Deleting superfluous words from her essay made her point much clearer.
surfeit,An excessive amount or overabundance,A surfeit of heavy food at dinner left everyone feeling uncomfortably full.
sycophant,A flatterer who tries to gain favor with influential people,The CEO was surrounded by sycophants who agreed with everything he said.
timorous,"Fearful, timid, or easily frightened",The timorous kitten hid under the couch as soon as the doorbell rang.
torpor,A state of physical or mental inactivity; lethargy,Bears enter a state of deep torpor during their winter hibernation.
transient,Lasting for only a short time; temporary,Summer rain showers are usually transient and pass within a few minutes.
trite,"Overused, cliché, and lacking originality","""Think outside the box"" has become a trite phrase in modern business culture."
turpitude,"Wicked, depraved, or shameful behavior",The executive was fired from his company for acts of moral turpitude.
tyro,A beginner or novice,"As a tyro in coding, she spent hours fixing simple syntax errors."
vociferous,"Loud, passionate, and offensively noisy",The vociferous crowd shouted down the speaker before he could finish.
abate,"To become less intense, severe, or widespread",The heavy storm began to abate after several hours.
abstruse,Hard to understand; obscure or complex,The professor’s lecture on quantum mechanics was far too abstruse for the freshmen.
acumen,Sharpness of mind; keen insight or shrewdness,Her financial acumen helped turn the failing startup into a profitable business.
aggrandize,"To make greater in power, rank, or wealth",He took credit for his team's success solely to aggrandize himself.
alleviate,To make pain or difficulty less severe; relieve,Taking a short walk helped alleviate her headache.
anachronism,Something placed out of its proper historical time,Seeing a smartphone in a movie set in the 1800s was a clear anachronism.
apocryphal,Of doubtful authenticity or questionable truth,The story about George Washington and the cherry tree is likely apocryphal.
apostate,Someone who abandons a religious or political belief,"After criticizing his former party, he was labeled an apostate by his peers."
appropriate,"To take for oneself, usually without permission",The manager was fired after trying to appropriate company funds for personal use.
arcane,Mysterious and understood by only a few,The old book contained arcane rituals known only to ancient scholars.
asperity,Harshness or sharpness of tone or temper,She spoke with noticeable asperity when the clerk made a third mistake.
assail,To attack physically or criticize vehemently,The politician was assailed by reporters demanding answers about the scandal.
assiduous,"Showing great care, persistent effort, and attention","Thanks to her assiduous research, she uncovered key evidence for the case."
brazen,"Bold, shameless, and disrespectful",He told a brazen lie right to his teacher's face without flinching.
brook,To tolerate or allow,The strict principal would brook no disobedience in the classroom.
capitulate,To surrender or give in,"After hours of relentless pressure, the army was forced to capitulate."
catalyst,Something that causes or speeds up a change,The new CEO served as a catalyst for much-needed company reforms.
cavalier,Showing a lack of proper concern or care,His cavalier attitude toward safety rules led to a serious accident.
chagrin,Embarrassment or distress caused by failure or disappointment,"To his chagrin, he forgot the words to the national anthem while on stage."
chary,"Cautious, wary, or hesitant",She was chary about sharing her personal information online with strangers.
chicanery,"Deception or trickery, especially using clever arguments",The shady lawyer used chicanery to trick the jury.
circumscribe,"To limit, restrict, or draw a boundary around",The country's tight budget strictly circumscribed the new building project.
condone,"To accept, allow, or overlook bad behavior",The school policy makes it clear that administrators will not condone bullying.
construe,To interpret or understand the meaning of something,Please do not construe my silence as agreement with your proposal.
credence,Belief or acceptance that something is true,The new lab results gave credence to the scientist's original theory.
cupidity,Excessive greed for wealth or possessions,"Driven by cupidity, the executive embezzled millions from his clients."
debase,"To reduce in quality, value, or status",Adding cheap filler ingredients will debase the quality of the product.
debunk,To expose a claim or belief as false,The myth-busters worked to debunk the popular rumor.
derelict,Abandoned or neglectful of duty,The old factory sat derelict and overgrown on the edge of town.
desiccate,To dry out completely,The intense summer heat will desiccate the soil and kill the crops.
dirge,A mournful song or poem for a funeral,"The musician composed a slow, sad dirge to honor the fallen soldier."
discrepancy,A lack of agreement or inconsistency between facts,The accountant noticed a major discrepancy between the two bank statements.
dispassionate,"Unbiased, calm, and free from emotion",A judge must remain dispassionate when listening to heated testimony.
dissolution,The formal closing or ending of an agreement or organization,The dissolution of the partnership left both founders working independently.
dissonance,"Lack of harmony or agreement; harsh, discordant sound",The dissonance between his words and his actions made people distrust him.
distend,"To swell, expand, or stretch out from internal pressure",Eating a massive meal caused his stomach to distend painfully.
elegy,"A mournful poem or song, usually lamenting someone who has died",He wrote a moving elegy to honor his late grandfather.
embellish,To decorate or make more attractive; to exaggerate a story,He tends to embellish his travel stories to make them sound more exciting.
eminent,"Famous, distinguished, and respected within a field",The conference featured an address by an eminent surgeon.
empirical,"Based on observation, experience, or experiment rather than theory",The researcher gathered empirical data to test her hypothesis.
enumerate,To list or mention things one by one; to count,The guide began to enumerate the many rules of the national park.
erratic,"Unpredictable, irregular, or inconsistent",The car's erratic movements made other drivers suspect the driver was sleepy.
espouse,"To support, adopt, or advocate for a belief or cause",She chose to espouse environmental conservation in her public speeches.
exacting,"Demanding great care, accuracy, or strict effort",The master chef expected exacting standards from his kitchen staff.
exasperate,"To intensely irritate, annoy, or frustrate",The long flight delays began to exasperate the waiting passengers.
fallow,Unseeded or uncultivated land; inactive or unused,The farmer left the field fallow for a year to let the soil recover.
fledgling,"New, inexperienced, or just beginning to develop",The fledgling tech startup was operating out of a small garage.
forestall,To prevent or hinder by taking action beforehand,He bought an extra coat to forestall getting cold during the night.
fractious,"Irritable, quarrelsome, or unruly",The fractious child refused to take a nap and threw a tantrum.
frivolous,Lacking seriousness or importance; silly,Spending your entire savings on a designer jacket is frivolous.
galvanize,To shock or excite into sudden action,The urgent speech served to galvanize voters into taking action.
gauche,Lacking social grace; awkward or tactless,Making rude jokes at a formal dinner was seen as extremely gauche.
hegemony,Dominance or leadership of one country or group over others,The nation established its hegemony over neighboring territories through economic power.
hoary,Very old; gray-haired or overused,The old man stroked his hoary beard as he pondered the question.
hoodwink,"To deceive, trick, or fool someone",Don't let the flashy advertisement hoodwink you into buying a useless product.
hyperbole,Extreme exaggeration used for emphasis,"Saying ""I've told you a million times"" is a common hyperbole."
impecunious,Having little or no money; penniless,"As an impecunious student, he lived mostly on instant noodles."
imperious,"Arrogant, domineering, and overbearing",The boss gave commands in an imperious tone that annoyed his staff.
incipient,In an initial or early stage; just beginning,She stayed home at the first sign of an incipient cold.
incontrovertible,Impossible to deny or disprove; indisputable,Video footage provided incontrovertible proof of the suspect's guilt.
incorrigible,"Incapable of being corrected, reformed, or improved",The incorrigible prankster continued putting fake bugs on his coworker's desk.
ingratiate,To gain favor or approval with someone through flattery,He tried to ingratiate himself with the boss by bringing her coffee every morning.
inherent,Existing as an essential or natural part of something,Extreme sports carry inherent risks that participants must accept.
insular,Narrow-minded; uninterested in outside cultures or ideas,"Living in a tiny, isolated village gave him an insular view of the world."
inveterate,Having a long-established habit or interest that is unlikely to change,"As an inveterate traveler, she was always planning her next trip."
jocular,"Humorous, playful, or fond of joking",His jocular commentary kept everyone laughing during the trip.
lampoon,To publicly criticize or ridicule using satire,The comedy show loves to lampoon famous politicians and celebrities.
latent,"Present but hidden, inactive, or undeveloped",The music test revealed her latent talent for playing the piano.
limpid,"Completely clear, transparent, or easily understood",The mountain lake's limpid waters allowed us to see straight to the bottom.
lugubrious,"Looking or sounding sad, gloomy, or mournful",The dark room was filled with the lugubrious sound of a cello.
martial,"Relating to war, fighting, or the military",The country declared martial law following severe riots in the capital.
maudlin,Overly emotional or foolishly sentimental,The drama became so maudlin that the audience stopped taking it seriously.
mendicant,"Practicing begging, or a beggar",The mendicant sat on the street corner asking passersby for spare change.
mordant,"Having a sharp, biting, or sarcastically critical edge",His mordant sense of humor often offended sensitive listeners.
myopic,Nearsighted; lacking foresight or broad perspective,Focusing only on short-term profits proved to be a myopic strategy.
nadir,The lowest point,Falling ill on the day of his final exam was the nadir of his semester.
neophyte,A beginner or novice,"As a neophyte in chess, he lost his first five matches quickly."
noisome,"Extremely unpleasant, foul-smelling, or offensive",A noisome odor wafted from the garbage dumpster behind the restaurant.
obscure,"Unclear, hard to understand, or little-known",The indie band was obscure until one of their songs went viral.
obstreperous,"Noisy, unruly, and difficult to control",The obstreperous crowd refused to leave the building after the show ended.
obtuse,Slow to understand; dull-witted,He was not being dense on purpose; he was genuinely obtuse about the topic.
occlude,"To block, obstruct, or close up",A blood clot can occlude an artery and cause serious health issues.
ominous,Suggesting that something bad or evil will happen,"Dark, heavy clouds gathered in an ominous sky before the storm hit."
opprobrium,"Harsh criticism, contempt, or public disgrace",The corrupt official faced severe public opprobrium after his crimes were exposed.
panache,"Flamboyant style, confidence, or flair",She entered the ballroom and danced with magnificent panache.
panegyric,A formal speech or text of elaborate high praise,The mayor delivered a touching panegyric at the retired officer's ceremony.
pariah,A social outcast,"After cheating in the tournament, he became a social pariah among his peers."
patronize,To treat condescendingly; or to support as a customer,Please do not patronize me by speaking as if I am a child.
peripatetic,Traveling or wandering from place to place,"As a peripatetic journalist, she lived in five different countries in three years."
perspicacious,Having sharp insight and keen judgment,The perspicacious analyst quickly spotted the flaw in the business plan.
pertinent,Relevant and directly applicable to the matter at hand,Please share only details that are pertinent to our discussion today.
peruse,To read or examine thoroughly and carefully,Take your time to peruse the contract before you sign it.
philistine,"Indifferent or hostile to culture, art, and intellectual pursuits",He felt like a philistine because he preferred action movies to classic theater.
pious,Deeply religious or devout,The pious family attended religious services together every Sunday morning.
placid,"Calm, peaceful, and untroubled",The placid surface of the lake reflected the morning sun perfectly.
plethora,A large or excessive amount of something,"The menu offered a plethora of options, making it difficult to choose just one meal."
plummet,To drop or fall sharply and quickly,Temperatures are expected to plummet overnight during the cold front.
ponderous,"Heavy, slow, and clumsy; dull or laborious","The giant turtle moved across the sand with slow, ponderous steps."
precursor,A person or thing that comes before another; a forerunner,A high fever is often a precursor to a viral infection.
predilection,A preference or special liking for something,She has a strong predilection for spicy food and adds chili to everything.
proclivity,A natural inclination or tendency toward something,He showed an early proclivity for music by picking up the violin at age four.
proscribe,"To forbid, ban, or prohibit",School policies strictly proscribe cheating on exams.
punctilious,Showing great attention to detail or correct behavior,He was punctilious about keeping his workspace completely neat and organized.
qualify,"To modify, limit, or make a statement less absolute",I need to qualify my statement by clarifying that this rule only applies in winter.
quandary,A state of uncertainty or perplexity over what to do,She found herself in a quandary about whether to accept the new job offer.
quiescent,"In a state of inactivity, rest, or dormancy",The volcano had been quiescent for decades before suddenly erupting.
quotidian,Occurring daily; ordinary or mundane,Brushing your teeth is a quotidian task that most people do automatically.
recluse,A person who lives a solitary life and avoids others,"After retiring, the famous artist lived as a recluse in the mountains."
replete,Well-supplied or filled with something,The textbook was replete with helpful diagrams and real-world examples.
restive,"Impatient, uneasy, or difficult to control",The restive audience grew noisy when the play was delayed by an hour.
ribald,Coarsely or vulgarly humorous,The comedian was famous for his ribald jokes that made the audience blush.
rudimentary,Involving basic facts or principles; elementary,"He has only a rudimentary knowledge of French, knowing just a few phrases."
sagacious,Having or showing keen discernment and wisdom,The sagacious leader guided the country successfully through the crisis.
salient,"Most noticeable, prominent, or important",The most salient feature of the presentation was the proposed budget cut.
salubrious,Promoting health or well-being; healthy,The fresh mountain air had a salubrious effect on his recovery.
sanctimonious,Making a hypocritical show of moral superiority or piousness,"No one liked his sanctimonious speech about honesty, knowing he had cheated before."
satiate,To satisfy completely or supply to excess,A heavy dinner was enough to satiate his intense hunger.
solicitous,"Showing care, concern, or eagerness to please",The solicitous host made sure every guest had a seat and plenty to eat.
sordid,"Dirty, squalid, or morally base and ignoble",The investigation revealed the sordid details of the financial scam.
spendthrift,A person who spends money recklessly and extravagantly,"As a spendthrift, he managed to waste his entire inheritance in six months."
stultify,To drain of enthusiasm or energy; to dull or render ineffective,Repetitive assembly line work can stultify creativity and enthusiasm.
supercilious,Behaving as though superior to others; arrogant or haughty,The supercilious waiter looked down his nose at our casual clothes.
sybarite,A person devoted to luxury and sensual pleasure,"Living in a penthouse with a private chef, he was a true sybarite."
tawdry,"Cheap, showy, and tasteless",The room was decorated with tawdry plastic flowers and tacky lights.
temerity,Excessive confidence or reckless boldness; audacity,He had the temerity to argue with the judge during the trial.
tenacious,Holding firm; persistent and determined,"The tenacious climber refused to give up, even in the freezing rain."
tenuous,"Very weak, slight, or uncertain",The police had only a tenuous link between the suspect and the crime scene.
tout,"To publicly praise, boast about, or promote aggressively",The company began to tout its new smartphone as the fastest on the market.
travesty,"A distorted, absurd, or inferior representation; a mockery",The unfair trial was a travesty of justice that outraged the public.
umbrage,"Offense, resentment, or annoyance",She took umbrage at his sarcastic comment about her presentation.
undermine,To weaken or damage gradually or secretly,Constant criticism will undermine a student's confidence over time.
verbose,Using more words than necessary; wordy,The essay was so verbose that it took twice as long to read as necessary.
volatile,Likely to change rapidly and unpredictably; unstable,The stock market remained volatile throughout the economic crisis.
abrogate,"To formally revoke, repeal, or abolish",The government voted to abrogate the outdated trade treaty.
abysmal,Extremely bad or deep,The team's abysmal performance resulted in a embarrassing loss.
acquiesce,To accept or agree without protest,"Reluctantly, she decided to acquiesce to her manager's demands."
aggregate,A total formed by combining several elements,The aggregate sales from all three branches exceeded their annual goal.
amiable,"Friendly, pleasant, and good-natured",Everyone loved the new neighbor because of her amiable personality.
animosity,Strong hostility or hatred,There was deep animosity between the two competing companies.
anodyne,"Pain-relieving, soothing, or harmless",The speaker offered anodyne remarks to avoid causing any controversy.
anomaly,Something that deviates from what is normal or expected,The sudden snowstorm in July was a complete weather anomaly.
aphorism,A concise statement expressing a general truth,"""Actions speak louder than words"" is a famous aphorism."
apprise,To inform or make aware,Please apprise the captain of any changes in the weather conditions.
archetype,A perfect example or original model,The hero in the story was the classic archetype of courage and honor.
arrogate,To claim or take something without the right to do so,The dictator attempted to arrogate total power over the judicial system.
articulate,Expressing oneself clearly and effectively,She gave an articulate presentation that convinced the entire board.
ascribe,To attribute something to a cause or source,He tried to ascribe his late arrival to heavy morning traffic.
aversion,A strong feeling of dislike or opposition,She has a strong aversion to public speaking and avoids it whenever possible.
avid,"Enthusiastic, eager, or passionate","An avid reader, he finishes at least two books every week."
baleful,Threatening harm or menacing,The villain gave the hero a baleful glare from across the room.
belligerent,"Hostile, aggressive, and ready to fight",The belligerent customer shouted at the cashier over a tiny mistake.
beneficent,"Doing good, charitable, or kindly",The beneficent donor gave millions to build a new children's hospital.
blatant,"Completely obvious, open, and unashamed",Telling such a blatant lie in front of everyone shocked the teacher.
blithe,"Carefree, cheerful, or showing a lack of proper concern",He showed a blithe disregard for the rules by walking right past the sign.
boorish,"Rude, unmannered, and insensitive",His boorish behavior at the formal dinner embarrassed his family.
bridle,"To show resentment or anger, or to control and restrain",She had to bridle her temper when the customer insulted her.
cajole,To persuade by flattery or coaxing,He managed to cajole his friend into giving him a ride to the airport.
callow,"Immature, inexperienced, or unsophisticated",The callow youth had a lot to learn before taking on a leadership role.
canard,A false rumor or fabricated story,The report about the celebrity's death turned out to be a complete canard.
candid,"Honest, truthful, and straightforward",I appreciated her candid opinion about my business proposal.
catholic,"Universal, broad, and all-inclusive","She has catholic tastes in music, enjoying everything from opera to hip-hop."
cede,To give up or surrender control or territory,The losing general was forced to cede control of the border town.
charlatan,A person who falsely claims to have special knowledge; a fraud,The charlatan sold fake medicines to unsuspecting tourists.
chastise,To criticize or punish severely,The manager had to chastise the employee for repeatedly missing deadlines.
choleric,Easily angered or irritable,The choleric boss would yell over the smallest mistake.
clandestine,Kept secret or done stealthily,They held a clandestine meeting late at night to plan the surprise party.
complaisant,Eager to please or agreeable,The complaisant assistant quickly fulfilled every request made by the director.
compliant,Willing to obey or yield to others,The compliant patient followed all of the doctor's instructions carefully.
concede,"To admit that something is true, or to surrender","After reviewing the evidence, he had to concede that he was wrong."
conciliatory,"Intended to placate, pacify, or overcome hostility",He adopted a conciliatory tone to calm down the angry customer.
conducive,Making a certain outcome likely; helpful or favorable,A quiet room is conducive to productive studying.
consummate,"Extremely skilled, accomplished, or complete",She played the piano with consummate skill and grace.
conundrum,A confusing or difficult problem or riddle,Solving the budget deficit proved to be a difficult conundrum for the city.
cosmopolitan,Sophisticated and familiar with many different cultures,"Having lived in London, Tokyo, and New York, she has a cosmopolitan outlook."
covert,"Secret, hidden, or stealthy",The agency carried out a covert operation behind enemy lines.
cumbersome,"Clumsy, heavy, or difficult to handle or carry",Carrying the cumbersome box up three flights of stairs was exhausting.
cursory,"Hasty, brief, and not thorough",He gave the report a cursory glance before running out the door.
deign,To condescend or do something considered beneath one's dignity,The arrogant actor would not even deign to reply to his fans.
denouement,The final resolution or outcome of a story or plot,The mystery novel had a thrilling denouement that surprised every reader.
discrete,"Separate, distinct, and individual",The project was broken down into several discrete tasks.
discursive,Digressing or rambling from topic to topic,His discursive speech made it hard for the audience to follow his main point.
dispatch,Speed and prompt efficiency; or to send off quickly,The team handled the emergency with impressive dispatch.
distill,To extract the essential element or meaning of something,The editor helped distill the long article down to its main points.
divulge,To reveal or disclose secret information,She promised not to divulge the secret password to anyone.
dubious,"Hesitant, doubtful, or untrustworthy",I was dubious about his claim that he could finish the project in one day.
duplicity,"Deceitfulness, dishonesty, or double-dealing",His duplicity was exposed when both sides discovered he was lying to them.
encumber,"To weigh down, burden, or hamper",Heavy gear will encumber the hikers on their steep climb up the mountain.
enigma,"A puzzle, mystery, or difficult thing to understand",The disappearance of the ship remains a complete enigma.
enmity,Deep-seated hatred or mutual hostility,Years of conflict created deep enmity between the two neighboring tribes.
equanimity,"Calmness and emotional stability, especially under pressure",She handled the sudden crisis with remarkable equanimity.
equitable,"Fair, just, and impartial",The mediator worked to ensure an equitable distribution of the assets.
equivocal,"Ambiguous, vague, or open to multiple interpretations",The politician gave an equivocal answer to avoid taking a clear side.
errant,Straying from the proper path or standard; wandering,The teacher redirected the errant student's attention back to the lesson.
eulogy,"A speech or writing praising someone, usually after their death",He delivered a touching eulogy at his best friend's funeral.
exegesis,Critical explanation or interpretation of a text,The professor gave a brilliant exegesis of the complex poem.
exigent,Urgent; requiring immediate action,The firefighters responded quickly to the exigent situation.
expurgate,To censor or remove objectionable content from a text,The publisher decided to expurgate the rude words before printing the book.
facile,"Easily accomplished, or overly simplified and shallow",He offered a facile solution to a problem that required deep analysis.
facilitate,To make an action or process easier,Modern software can facilitate communication between remote teams.
factious,"Causing conflict, dissension, or division within a group",The factious debate threatened to split the committee into rival groups.
fatuous,"Silly, foolish, or lacking intelligence",Making fatuous jokes during a serious meeting offended the team.
fervid,Intensely passionate or enthusiastic,The fervid supporters cheered loudly throughout the entire match.
fickle,"Frequently changing in loyalty, interest, or affection","The weather here is notoriously fickle, switching from rain to sun in minutes."
flout,To openly mock or disregard a rule or law,Drivers who flout the speed limit risk getting heavy fines.
foible,A minor weakness or flaw in character,Forgetting where he put his keys was a harmless foible of his.
frugal,"Economical, thrifty, or careful with money","By being frugal with her expenses, she managed to save enough for a car."
fulminate,To express vehement protest or angry criticism,The speaker began to fulminate against the new government taxes.
guile,Sly or cunning intelligence; deceitfulness,The fox used guile to trick the farmer and escape from the coop.
histrionic,"Overly theatrical, dramatic, or exaggerated",Her histrionic reaction to a small scratch seemed a bit unnecessary.
ignoble,"Dishonorable, shameful, or lacking moral character",Cheating on the test was an ignoble act that ruined his reputation.
illusory,Based on an illusion; deceptive or not real,The promise of quick wealth turned out to be completely illusory.
imbibe,"To drink, or to absorb ideas and knowledge",Plants imbibe water through their roots to stay healthy.
imbroglio,"A complicated, confusing, or embarrassing situation",The diplomat worked hard to resolve the international imbroglio.
imminent,About to happen soon; impending,Dark clouds warned the villagers that a severe storm was imminent.
immure,"To enclose, confine, or imprison within walls",The ancient king chose to immure his prisoners in a dark dungeon.
impair,"To weaken, damage, or diminish in quality or ability",Loud noises can permanently impair your hearing over time.
impassive,Showing no emotion; expressionless or unmoved,The guard stood impassive despite the noisy crowd around him.
impertinent,Insolently rude; lacking respect or civility,Asking someone about their salary at a party is considered impertinent.
impute,To attribute or ascribe a responsibility or fault to someone,It is unfair to impute bad intentions to someone who made an honest mistake.
incessant,Continuing without interruption; unending,The incessant barking of the neighborhood dog kept us awake all night.
inconsequential,Not important or significant; trivial,Missing one minor homework assignment is inconsequential to your final grade.
indigenous,Originating or occurring naturally in a particular place; native,The kangaroo is indigenous to the Australian continent.
ineffable,Too great or intense to be expressed in words; indescribable,Watching the sunset over the Grand Canyon brought an ineffable sense of joy.
inert,Lacking the ability to move; inactive or sluggish,"After running the marathon, he lay inert on the grass for an hour."
inexorable,"Impossible to stop, alter, or prevent; relentless",Nothing could stop the inexorable march of time.
intermittent,Occurring at irregular intervals; not continuous,Intermittent rain showers meant we had to pause the game several times.
jargon,Special vocabulary used by a specific group or profession,Medical jargon can be confusing for patients who do not work in healthcare.
judicious,"Showing good judgment, wisdom, or common sense",Making a judicious choice now will save you time and money later.
juxtapose,To place side by side for comparison or contrast,The gallery will juxtapose modern art pieces with classic paintings.
lachrymose,"Tearful, sad, or tending to cry easily",The lachrymose drama had the entire audience reaching for tissues.
lament,"To express deep sorrow, grief, or regret",The nation gathered to lament the loss of its great leader.
laudable,Deserving high praise and commendation,Her laudable effort to organize the food drive helped hundreds of families.
libertine,A person who acts without moral restraint,The novel tells the story of a wealthy libertine who lived only for pleasure.
loath,Unwilling or reluctant to do something,She was loath to admit that she needed help with her assignment.
luminous,Emitting light; glowing or bright,The luminous watch dial made it easy to read the time in the dark.
magisterial,Having or showing great authority; commanding,The judge spoke in a magisterial tone that silenced the courtroom.
magnanimous,"Generous and forgiving, especially toward a rival","The winner was magnanimous in victory, praising his opponent's hard work."
manifest,"Clear, obvious, or easily perceived",Her joy was manifest in the bright smile across her face.
martinet,A strict disciplinarian who demands total obedience,The drill sergeant was a harsh martinet who tolerated zero mistakes.
mawkish,Excessively and sickeningly sentimental,The movie's mawkish ending ruined an otherwise great story.
maxim,A short statement expressing a general truth or principle,"He lived his life by the maxim ""treat others as you wish to be treated."""
meander,To wander aimlessly or follow a winding course,The path began to meander through the quiet forest.
modicum,A small amount of something,"If you had a modicum of common sense, you would wear a coat in the snow."
moribund,"Near death, dying, or ceasing to exist",The old factory town was moribund after its main industry closed down.
myriad,"A extremely large, countless number",The night sky was filled with a myriad of glowing stars.
nascent,"Just beginning to exist, form, or develop",The nascent technology showed great potential despite being in its early stages.
ornate,Elaborately or intricately decorated,The palace was filled with ornate gold furniture and crystal chandeliers.
pacify,"To calm, soothe, or bring peace to someone",The mother tried to pacify the crying baby with a warm bottle.
palatial,"Grand, spacious, and magnificent like a palace",They stayed in a palatial suite overlooking the ocean.
palliate,To make less severe or ease pain without curing,The doctor prescribed medicine to palliate the symptoms of the flu.
pallid,"Pale or lacking color, especially due to illness",Her pallid face showed how sick she felt after the long journey.
panacea,A cure-all or solution for all problems,"Technology is a helpful tool, but it is not a panacea for all educational issues."
paradox,A statement or situation that seems self-contradictory but may be true,It is a strange paradox that standing still can sometimes be more exhausting than walking.
parsimonious,Unwilling to spend money; stingy or excessively frugal,The parsimonious man refused to tip the waiter even a single penny.
partial,"Incomplete, or showing biased favor toward one side",The referee was accused of being partial toward the home team.
peccadillo,A minor fault or trivial offense,Forgiving his minor peccadillo was easy since no harm was done.
pejorative,"Expressing disapproval, contempt, or disparagement",Calling someone lazy is a pejorative remark.
penury,Extreme poverty or destitution,"After losing all his money in the stock crash, he lived in penury."
peremptory,Insisting on immediate obedience; commanding and decisive,The general issued a peremptory command for the troops to march.
perfidy,"Treachery, deceitfulness, or a breach of trust",Selling state secrets to an enemy nation was an act of extreme perfidy.
peripheral,Located on the outer edge; secondary or minor,"The main issue is cost, while color choice is just a peripheral concern."
polemical,"Strongly critical, argumentative, or controversial",The author wrote a polemical essay attacking the new government tax.
preclude,To prevent or make impossible in advance,His injury will preclude him from playing in the championship game.
precocious,Showing exceptionally early development or maturity,The precocious child was solving complex algebra problems at age seven.
preempt,To act first to prevent something or claim beforehand,The special news broadcast will preempt our regular evening television show.
prescience,Knowledge of events before they happen; foresight,"Thanks to her prescience, she sold her stock right before the market crashed."
profuse,"Plentiful, abundant, or given in large amounts",He offered a profuse apology after accidentally spilling juice on her dress.
propagate,"To spread, promote, or reproduce",Social media allows news to propagate around the world in seconds.
prudent,"Wise, cautious, and practical in planning for the future",Saving a portion of your paycheck each month is a prudent financial strategy.
pugnacious,"Eager or quick to argue, quarrel, or fight",The pugnacious boxer stared down his opponent before the bell even rang.
pundit,An expert who frequently gives opinions or analysis in public,The political pundit offered his analysis of the election on television.
pungent,"Having a sharp, strong, or biting taste or smell",The pungent smell of chopped onions filled the entire kitchen.
quibble,"To argue or raise objections over small, trivial matters",Let us not quibble over a few cents when the overall price is fair.
raconteur,A person who tells anecdotes or stories in a skillful and amusing way,"As a gifted raconteur, he entertained the dinner guests with funny stories."
rankle,"To cause persistent irritation, anger, or resentment",The unfair criticism continued to rankle him long after the meeting ended.
rarefied,Distant from ordinary people; esoteric or elevated in nature,They discussed complex philosophy in the rarefied atmosphere of the elite club.
recalcitrant,Stubbornly disobedient and resistant to authority or control,The recalcitrant mule refused to move forward despite the farmer's efforts.
recant,To formally and publicly withdraw or disavow a former belief or statement,"Under pressure from authorities, the witness was forced to recant his statement."
reconcile,To restore friendly relations or make two opposing things compatible,They managed to reconcile their differences and became close friends again.
redress,"To set right, remedy, or provide compensation for a wrong or injustice",The company offered a full refund to redress the mistake on her order.
remiss,Careless or negligent in performing one's duties or obligations,I would be remiss if I forgot to thank everyone who helped me tonight.
respite,A short period of rest or relief from something difficult or unpleasant,Sitting under the shade gave the workers a brief respite from the hot sun.
robust,"Strong, healthy, and capable of withstanding difficult conditions",The company has a robust security system that prevents cyber attacks.
rustic,"Relating to the countryside; simple, plain, or unsophisticated","They spent the weekend relaxing in a cozy, rustic cabin in the woods."
sardonic,"Grimly mocking, cynical, or scornfully humorous",He responded with a sardonic smile when asked if he enjoyed working late.
slight,To insult someone by ignoring them or treating them with disrespect,She felt slighted when her coworker failed to invite her to the party.
solecism,A grammatical mistake or a breach of social etiquette,Using the wrong fork at the formal dinner was a minor social solecism.
sparse,Thinly scattered or present in small amounts; not dense,Vegetation is extremely sparse in the dry desert environment.
stigma,A mark of disgrace or disapproval associated with a particular circumstance or quality,There is no longer a stigma attached to seeking help for mental health.
stringent,"Strict, precise, and demanding",The university has stringent requirements for admission into its medical program.
stymie,To prevent or hinder the progress of,Unexpected snowstorms threatened to stymie construction on the new bridge.
subside,"To become less intense, violent, or severe",We waited for the heavy rain to subside before walking home.
subterfuge,Deceit or trickery used to achieve a goal,The spy used clever subterfuge to enter the building unnoticed.
surly,"Bad-tempered, rude, and unfriendly",The surly bus driver grumbled when asked for directions.
tact,Sensitivity and skill in dealing with others politely,She used great tact to deliver the bad news without hurting his feelings.
tantamount,"Equivalent in value, significance, or effect",Remaining silent during the scandal was seen as tantamount to admitting guilt.
tendentious,Expressing a strong bias or partisan point of view,The article was criticized for giving a tendentious account of the event.
terse,Brief and to the point; concise,His terse reply made it clear that he did not want to discuss the topic further.
transitory,Lasting for a short time; temporary,Youth is a transitory phase of life that passes all too quickly.
truculent,Eager to argue or fight; aggressively defiant,The truculent customer threatened to sue the store over a tiny mistake.
ubiquitous,"Present, appearing, or found everywhere",Smartphones have become ubiquitous in modern daily life.
unconscionable,"Unreasonably excessive, unfair, or lacking conscience",Charging high prices for bottled water during a hurricane is unconscionable.
underscore,To emphasize or show the importance of something,The recent outage serves to underscore the need for reliable backup generators.
unseemly,"Inappropriate, improper, or unbecoming",Laughing loudly during a solemn ceremony was considered unseemly behavior.
untenable,Not able to be defended or maintained against attack,His position on the issue became untenable after new evidence came to light.
untoward,"Inappropriate, improper, or unfavorable",Nothing untoward happened during the quiet overnight shift.
urbane,"Courteous, refined, and sophisticated in manner",His urbane manners made him a popular guest at high-society dinners.
veracious,"Truthful, honest, or accurate","As a veracious witness, her testimony carried great weight with the jury."
veracity,"Truthfulness, honesty, or accuracy",The lawyer questioned the veracity of the suspect's alibi.
vicissitude,A change or variation of circumstances or fortune,He remained optimistic despite the many vicissitudes of his long career.
voluble,"Talking fluently, readily, or incessantly; talkative",The voluble host kept the conversation moving throughout the dinner.
wane,"To decrease gradually in size, strength, or intensity",Interest in the old movie began to wane as newer films were released.
wanton,"Reckless, deliberate, and unprovoked, or lacking restraint",The vandals caused wanton destruction to the public park.
winsome,"Charming, attractive, and pleasing, often in a sweet or innocent way",Her winsome smile instantly won over everyone in the room.
abase,"To humiliate, degrade, or lower in rank or position",He refused to abase himself by apologizing for something he did not do.
abet,"To encourage, assist, or support, especially in wrongdoing",It is illegal to aid and abet a criminal fleeing from the police.
abject,"Extremely wretched, miserable, or completely lacking self-respect",The family lived in abject poverty after losing their home.
abstemious,"Sparing or moderate, especially in eating and drinking",The athlete maintained an abstemious diet to stay in top shape.
accede,"To agree to a demand, request, or proposal",The company decided to accede to the union's request for higher wages.
adamant,"Unyielding, firm, and refusing to change one's mind",She was adamant that she would not sign the contract without her lawyer present.
adverse,"Unfavorable, harmful, or acting in opposition",The flight was canceled due to adverse weather conditions.
alchemy,A medieval chemical philosophy; a power or process of magical transformation,Ancient scientists spent centuries attempting to master the art of alchemy.
alienate,"To cause someone to feel isolated, detached, or hostile",His rude comments served only to alienate his closest friends.
aloof,"Cool, distant, detached, or uninvolved","He stood aloof from the crowd, preferring not to join in the conversation."
amicable,"Characterized by friendship, peace, and good will",The two parties reached an amicable settlement out of court.
anarchy,"A state of lawlessness, chaos, or lack of government authority","Without police to enforce the law, the city descended into complete anarchy."
anathema,Something or someone that is intensely hated or reviled,Dishonesty was anathema to the honorable knight.
apogee,"The highest point, apex, or culmination of something",Winning the Nobel Prize marked the apogee of her scientific career.
apotheosis,The highest point of development or elevation to divine status,The monument represented the apotheosis of classical architecture.
apposite,"Highly appropriate, fitting, or relevant to a situation",She made several apposite remarks that clarified the whole issue.
ardor,"Intense passion, enthusiasm, or zeal",He spoke about his research with incredible ardor and energy.
ascertain,"To find out, discover, or determine with certainty",The police worked to ascertain the cause of the fire.
askance,"With disapproval, suspicion, or a side-glance",The manager looked askance at the unusual expense report.
astringent,Harshly critical or biting; causing tissue contraction,The critic's astringent review ruined the play's opening night.
astute,Having or showing shrewdness and sharp judgment,The astute businessman recognized a great investment opportunity early on.
august,"Respected, impressive, and majestic",We walked through the halls of the august institution with quiet respect.
auspicious,"Favorable, promising, or conducive to success",The sunny weather was an auspicious sign for the outdoor wedding.
badger,"To pester, annoy, or harass persistently",The kids began to badger their parents for ice cream after dinner.
balk,To hesitate or refuse to accept an idea or undertaking,Most employees will balk at the idea of working overtime without pay.
base,Lacking moral principles; ignoble or dishonorable,Betraying his friend's trust was a base act that he deeply regretted.
bellicose,Demonstrating aggression and a willingness to fight,The nation's bellicose tone worried neighboring countries about war.
besiege,To surround with armed forces or harass with requests,Fans began to besiege the celebrity as soon as she left the hotel.
betray,"To reveal unintentionally, or to be disloyal",Her trembling hands began to betray her inner nervousness.
boisterous,"Noisy, energetic, and rowdy",The boisterous classroom quieted down as soon as the teacher entered.
bombast,Pompous or high-sounding language with little meaning,The politician's speech was full of bombast but lacked real substance.
bombastic,"Pompous, overblown, or pretentious in speech or writing",He gave a bombastic speech that sounded grand but said very little.
boon,A helpful or beneficial thing; a blessing,The new highway was a major boon to local business owners.
bristle,To react angrily or defensively,She began to bristle at the suggestion that she was unprepared.
bromide,"A trite, unoriginal, or commonplace remark","Instead of real sympathy, he offered a tired bromide like ""everything happens for a reason."""
browbeat,"To intimidate, bully, or harass with harsh words",The aggressive lawyer tried to browbeat the witness into changing her story.
cadaverous,"Looking like a corpse; pale, thin, and gaunt","After months of illness, he appeared pale and cadaverous."
callous,Showing an insensitive and cruel disregard for others,His callous remark about her mistake hurt her feelings deeply.
cataclysm,"A sudden, violent, and destructive event or upheaval",The volcanic eruption was a cataclysm that destroyed the surrounding towns.
censor,To examine and remove objectionable content,The government moved to censor news reports during the emergency.
cerebral,Intellectual rather than emotional; relating to the brain,He enjoyed cerebral movies that required thought rather than action blockbusters.
chauvinist,Blindly devoted to the belief in the superiority of one's own group,His chauvinist beliefs made him look down on other cultures.
check,"To restrain, stop, or hold back",The government took measures to check the spread of the virus.
churlish,"Rude, mean-spirited, and ill-mannered",Refusing to thank your host for dinner is downright churlish.
circumvent,"To cleverly avoid, bypass, or find a way around",They found a clever loophole to circumvent the new tax regulation.
collusion,"Secret cooperation or conspiracy, especially to deceive",The companies were fined for acting in collusion to fix prices.
complacent,Smug and self-satisfied to the point of unconcern,Winning several games in a row made the team complacent and lazy.
complementary,Combining in a way that enhances or completes the qualities of each other,The husband and wife had complementary skills that made their business successful.
conciliate,"To pacify, appease, or reconcile",The company offered gift cards to conciliate the unhappy customers.
concomitant,Naturally accompanying or associated with something else,High levels of stress are often concomitant with long working hours.
conflagration,A large and destructive fire,Firefighters worked for hours to control the massive conflagration in the forest.
congenial,"Friendly, pleasant, and agreeable",She found the warm and congenial environment of the office very welcoming.
consecrate,To declare holy or dedicate to a sacred purpose,The bishop arrived to consecrate the new church building.
contend,"To struggle, compete, or assert in an argument",Three strong teams will contend for the championship title this year.
contrive,"To plan, devise, or invent clever schemes",She managed to contrive a clever way to escape the boring meeting.
contumacious,Stubbornly rebellious and disobedient,The contumacious child refused to obey his parents or teachers.
converge,To come together or meet at a common point,Hundreds of protesters began to converge on the town square.
convivial,"Friendly, lively, and fond of good company",The party had a convivial atmosphere full of laughter and warm conversation.
cornucopia,An abundant supply of good things; a horn of plenty.,The autumn festival featured a cornucopia of fresh fruits and vegetables.
countermand,To cancel or reverse a previous order.,The general decided to countermand the order to attack after receiving new intelligence.
cower,To crouch or shrink away in fear.,The frightened puppy began to cower under the bed during the thunderstorm.
credulous,Too willing to believe things; gullible.,The credulous child believed his older brother's story about dragons in the attic.
crescendo,"A gradual increase in loudness, intensity, or force.",The music reached a powerful crescendo before suddenly stopping.
crestfallen,"Sad, disappointed, or completely discouraged.",He felt crestfallen when he learned he did not land his dream job.
cryptic,"Having a mysterious, obscure, or hidden meaning.",She left a cryptic message on the whiteboard that no one could figure out.
culpable,Deserving blame; guilty of doing something wrong.,The driver was found culpable for the accident because he ran a red light.
cynical,Believing that people are motivated only by selfishness; distrustful.,His cynical view made him doubt that anyone acts out of pure kindness.
daunt,To make someone feel intimidated or fearful.,The long climb ahead did not daunt the experienced hikers.
deflect,To cause something to change direction; to bounce off.,He used an umbrella to deflect the falling rain away from his suit.
defray,To provide money to pay for a cost or expense.,The scholarship helped defray the cost of her college tuition.
deify,"To worship, regard, or treat someone or something like a god.",Fans tend to deify famous rock stars as if they were immortal beings.
deliberate,Done consciously and on purpose; to think about carefully.,The jury took three days to deliberate before reaching a verdict.
demagogue,A leader who manipulates followers by appealing to emotions and prejudices rather than reason.,The demagogue gained popularity by making angry speeches that stoked fear.
denounce,To publicly declare someone or something to be wrong or evil.,The mayor took to the podium to denounce corruption in the city government.
despot,"A ruler with absolute power, typically one who uses it cruelly.",The cruel despot ruled the country with total authority and crushed all dissent.
destitute,Extremely poor; lacking the basic necessities of life.,The natural disaster left thousands of people destitute and homeless.
diaphanous,"Light, delicate, and almost completely transparent (usually referring to fabric).",The bride wore a dress with a diaphanous veil that floated softly in the wind.
dichotomy,A division or contrast between two entirely different or opposite things.,There is a sharp dichotomy between theory and practice in this field.
dictum,"A formal statement of principle, rule, or saying.","The coach reminded us of the old dictum: ""Practice makes perfect."""
diffuse,Spread out over a large area; not concentrated.,The soft shade helped diffuse the harsh light across the room.
dilapidated,In a state of ruin or disrepair due to age or neglect.,The abandoned barn was so dilapidated that its roof had collapsed.
disaffected,"Dissatisfied and rebellious, especially toward authority or the government.",Disaffected workers staged a protest over their low wages and poor conditions.
discomfit,"To make someone feel uneasy, embarrassed, or confused.",The unexpected question seemed to discomfit the speaker during the Q&A session.
discord,Disagreement or lack of harmony between people or things.,Arguments over money caused constant discord between the roommates.
discredit,To harm the good reputation of someone or something.,The rival scientist published a paper to discredit her findings.
discreet,Careful in speech or action to avoid causing offense or to keep a secret.,The butler was always discreet about the private lives of his employers.
discriminate,To recognize a difference; to treat someone unfairly based on their category or group.,An expert taster can easily discriminate between subtle flavor profiles.
dissent,To disagree or hold an opposing opinion.,Two members of the panel expressed strong dissent regarding the final decision.
dissipate,"To scatter, fade away, or recklessly waste (such as money or energy).",The morning fog will quickly dissipate once the sun comes up.
diurnal,Active during the daytime (the opposite of nocturnal); occurring daily.,Most birds are diurnal creatures that hunt for food during the daylight hours.
divest,"To strip or deprive of power, rights, or possessions; to sell off an asset.",The university chose to divest from fossil fuel companies.
docile,"Submissive, easy to manage, and willing to accept instruction.",The docile horse allowed even young children to ride it safely.
dolorous,"Feeling or expressing great sorrow, grief, or distress.",The sad poem expressed dolorous feelings of grief and loss.
dormant,"Temporarily inactive, resting, or asleep.",The volcano has remained dormant for over a hundred years.
droll,Curious or unusual in a way that is oddly amusing or funny.,His droll sense of humor kept the entire dinner table amused.
dyspeptic,"Grumpy, irritable, or suffering from indigestion.",Skip was feeling dyspeptic and grumpy after eating a heavy meal too fast.
eclipse,"To obscure, block out, or completely outshine something else.",Her stellar performance threatened to eclipse all the other actors on stage.
edify,To instruct or improve someone morally or intellectually.,The professor hoped his lecture would edify the students about ethical philosophy.
efficacy,The ability to produce a desired or intended result; effectiveness.,Clinical trials confirmed the safety and efficacy of the new medicine.
elaborate,Detailed and complicated; to add more detail to what has already been said.,She asked the speaker to elaborate on his proposal for the project.
eloquent,"Fluent, persuasive, and articulate in speaking or writing.",The lawyer made an eloquent speech that moved the jury to tears.
enjoin,"To instruct, urge, or command someone to do something.",The court issued an order to enjoin the factory from polluting the river.
enthrall,To capture the fascinated attention of; to spellbind.,The magician's spectacular tricks managed to enthrall the entire audience.
epicure,A person who takes great pleasure in fine food and drink.,"As a true epicure, he traveled the world just to try rare gourmet dishes."
epigram,"A short, clever, and witty remark or saying.",The writer was famous for ending his essays with a clever epigram.
ethereal,Extremely delicate and light; seemingly not of this world.,The dancer moved across the stage with an ethereal grace.
euphony,The quality of being pleasing to the ear; a sweet or pleasant sound.,The sweet euphony of the harp filled the concert hall.
exalt,To hold in very high regard; to praise or elevate in rank.,The monument was built to exalt the memory of the national hero.
excoriate,To criticize someone or something severely.,The movie critic wrote a harsh review to excoriate the director's latest film.
execrate,To feel or express great loathing for; to curse or denounce.,Citizens gathered outside the courthouse to execrate the dictator's crimes.
exhort,To strongly encourage or urge someone to do something.,The coach tried to exhort his team to push harder during the final minutes.
explicit,"Stated clearly and in detail, leaving no room for confusion.",The teacher gave explicit instructions so everyone knew exactly what to do.
extant,Still in existence; surviving (especially referring to documents or species).,This manuscript is one of the few extant copies from the Middle Ages.
extemporaneous,Spoken or done without preparation; improvised.,"Without any notes, she gave a brilliant extemporaneous speech."
extol,To praise enthusiastically and highly.,The doctor began to extol the health benefits of a balanced diet.
faction,"A small, organized, dissenting group within a larger one.",A small faction within the political party voted against the new bill.
fathom,To understand a difficult problem or person after much thought.,I cannot fathom why anyone would want to leave such a great job.
fecund,"Highly fertile; capable of producing an abundance of offspring, growth, or new ideas.",The fecund farmland produced massive crops every autumn.
felicitous,Well-chosen or suited to the circumstances; pleasing and fortunate.,His felicitous choice of words brought warmth to the ceremony.
fervent,"Having or displaying a passionate, intense feeling or belief.",She was a fervent supporter of human rights and campaigned daily.
fervor,Intense and passionate emotion.,The crowd cheered with immense fervor when their team scored.
fidelity,"Faithfulness and loyalty to a person, cause, or belief.",The dog showed remarkable fidelity by staying by its owner's side.
flamboyant,"Attracting attention because of exuberance, confidence, or stylishness.",The performer wore a flamboyant costume covered in bright feathers.
flippant,Not showing a serious or respectful attitude; lightly disrespectful.,Making a flippant remark during a serious meeting offended his boss.
florid,Having a red or flushed complexion; excessively intricate or ornate in style.,His florid cheeks showed how hard he had been running in the cold.
flounder,To struggle or stagger clumsily; to experience great difficulty.,"Without a clear plan, the new business began to flounder."
flush,"To turn red in the face; or, having plenty of money (wealthy); completely level with another surface.","Flush with cash after his bonus, he treated everyone to dinner."
foolhardy,"Recklessly bold, rash, or daring without considering the consequences.",It would be foolhardy to sail into the ocean during a hurricane warning.
ford,A shallow place in a river or stream allowing one to walk or drive across.,The horses had to ford the shallow river to reach the other side.
forthright,Direct and outspoken; straightforward and honest.,She gave a forthright answer rather than trying to hide the truth.
frustrate,To prevent a plan or action from succeeding; to cause feelings of discouragement.,Technical glitches continued to frustrate the team's progress.
gaffe,"A clumsy, unintentional social error or remark; a blunder.",Forgetting the host's name was an embarrassing gaffe at the party.
gambol,"To run, jump, or leap about playfully.",The young lambs began to gambol across the green field.
genteel,"Polite, refined, or respectable, often in an exaggerated or artificial way.",They enjoyed a genteel afternoon tea in the elegant drawing room.
gossamer,"A very fine, filmy substance; used to describe something incredibly light, thin, and delicate.",Morning dew hung delicately on the gossamer spiderweb.
gratuitous,"Uncalled for, lacking good reason, or given completely free of charge.","The movie was criticized for including unnecessary, gratuitous violence."
gullible,Easily persuaded to believe something; easily tricked.,She was so gullible that she believed her friend bought a pet dinosaur.
hamper,"To hinder, obstruct, or impede the movement or progress of something.",Heavy traffic will hamper our ability to arrive at the airport on time.
haphazard,Lacking any obvious principle of organization; random and chaotic.,The books were stacked in a haphazard pile that looked ready to fall.
hubris,"Excessive pride, arrogance, or self-confidence.",His arrogant hubris led him to ignore warnings and fail the project.
humdrum,"Lacking excitement or variety; dull, routine, and monotonous.","Tired of his humdrum daily routine, he decided to take a spontaneous trip."
iconoclastic,"Attacking or ignoring cherished beliefs, institutions, and long-held traditions.",The artist's iconoclastic style challenged traditional ideas of painting.
ignominious,"Deserving or causing public disgrace, shame, or humiliation.",The team suffered an ignominious defeat after losing ten to zero.
impartial,Treating all rivals or disputants equally; unbiased and fair.,A judge must remain impartial and hear both sides of the case.
impeccable,In accordance with the highest standards; entirely faultless or perfect.,She speaks French with impeccable grammar and a perfect accent.
implicit,Implied or understood though not plainly or directly expressed.,"Their trust was implicit, needing no written contract between them."
improvident,Not having or showing foresight; spendthrift or thoughtless with money/resources.,His improvident spending habits left him with no savings for emergencies.
imprudent,Not showing care for the consequences of an action; unwise or rash.,It is imprudent to leave your house unlocked when you travel.
impudent,Not showing due respect for another person; rudely bold.,The impudent child stuck out his tongue at the teacher.
inadvertent,Not resulting from deliberate planning; accidental or unintentional.,Knocking over the vase was an inadvertent accident during the game.
incendiary,Designed to cause fires; tending to stir up conflict or rebellion.,The politician's incendiary speech sparked angry protests downtown.
inclement,"Unpleasantly cold, wet, or stormy (usually referring to weather).",Outdoor practice was canceled due to inclement winter weather.
incongruous,Not in harmony or keeping with the surroundings; out of place.,Wearing a heavy winter coat to the beach looked completely incongruous.
indefatigable,Persisting tirelessly; unable to be fatigued or worn out.,The indefatigable runner finished two marathons back-to-back.
indict,To formally accuse of or charge with a serious crime.,The grand jury voted to indict the suspect on fraud charges.
indigent,Extremely poor; needy and lacking basic resources.,The charity offers free shelter and meals to indigent families.
ineluctable,Unable to be resisted or avoided; inescapable.,Change is an ineluctable part of life that everyone must accept.
ingrained,"Firmly fixed or established; difficult to change (describing a habit, belief, or attitude).",Early childhood habits can remain ingrained for a person's whole life.
inimitable,So good or unusual as to be impossible to copy; completely unique.,The singer performed with her own inimitable flair and energy.
inkling,A slight knowledge or vague suspicion; a hint.,She had an inkling that her friends were planning a surprise party for her.
inquisitive,Highly curious; eager for knowledge or given to asking questions.,The inquisitive toddler asked endless questions about how things work.
insidious,"Proceeding in a gradual, subtle way, but with very harmful effects.",High blood pressure is an insidious condition because it often has no symptoms.
insinuate,To suggest or hint at something bad in an indirect and unpleasant way.,Are you trying to insinuate that I took your missing keys?
insolent,"Showing a rude, arrogant, and highly disrespectful lack of respect.",The student received detention for making an insolent comment to his teacher.
intractable,"Hard to control, manage, or deal with; highly stubborn.",The two nations reached a stalemate over the intractable dispute.
intrigue,"To arouse intense curiosity or interest; or, the secret planning of something illicit.",The mysterious package on the doorstep served to intrigue everyone.
intrinsic,Belonging naturally to something; essential and built-in.,Curiosity is an intrinsic part of human nature.
inure,"To accustom someone to something, especially something unpleasant or painful.",Years of harsh cold weather helped inure the mountain dwellers to the frost.
inveigle,To persuade someone to do something by means of deception or flattery.,He managed to inveigle his way into the VIP section of the concert.
itinerary,A detailed planned route or schedule for a journey.,"Their travel itinerary included visits to Rome, Florence, and Venice."
jaundice,"Bitterness, resentment, or a cynically prejudiced attitude (also a medical condition).",His former failures created a jaundice in his view of new opportunities.
jettison,To throw or drop something from an aircraft or ship; to abandon or discard.,The crew had to jettison heavy cargo to keep the ship afloat.
jovial,"Cheerful, friendly, and good-natured.",The jovial Santa greeted every child with a warm smile and laughter.
kindle,"To light or set on fire; to arouse, awaken, or inspire an emotion.",Her inspiring lecture helped kindle an interest in science among the students.
languish,"To lose vitality or energy; to grow weak, feeble, or neglected.","Without water, the flowers will begin to languish in the hot sun."
largess,Generosity in giving money or large gifts to others.,"Thanks to the billionaire's largess, a new community center was built."
lassitude,A state of physical or mental weariness; a lack of energy or sluggishness.,A feeling of intense lassitude came over him after working sixteen hours straight.
lavish,"Sumptuously rich, elaborate, or luxurious; to bestow something in generous quantities.",They held a lavish party with expensive food and live music.
leery,Cautious or wary due to realistic suspicions.,I am leery of emails from unknown senders asking for bank details.
licentious,Promiscuous and unprincipled in sexual matters; disregarding accepted rules.,The ruler was criticized for his licentious lifestyle and wild parties.
lionize,To give a lot of public attention and approval to someone; to treat them as a celebrity.,The media began to lionize the young hero after his brave rescue.
macabre,Disturbing and horrifying because of involvement with or depiction of death.,The author is famous for writing macabre tales of ghosts and murder.
magnate,"A highly wealthy, influential, and powerful person, especially in business.",The real estate magnate owned several skyscrapers across the city.
maladroit,"Ineffective, clumsy, or bungling; lacking skill.",His maladroit handling of the delicate vase caused it to drop and shatter.
malign,To speak about someone in a spitefully critical manner; evil in nature.,It is unfair to malign her character without knowing all the facts.
mellifluous,"Sweet or musical; pleasant to hear (usually describing a voice, tone, or words).","The radio host possessed a smooth, mellifluous voice that relaxed listeners."
mendacious,Not telling the truth; deceitful and lying.,The article contained several mendacious claims that were completely false.
mendacity,The condition of being untruthful; a tendency to lie.,His habit of lying revealed a deep-seated mendacity.
minute,Infinitely or immeasurably small; extremely precise and detailed (pronounced my-NOOT).,The microscope allowed the scientist to examine minute bacteria.
misconstrue,To interpret a person's words or actions wrongly; to misunderstand.,Please do not misconstrue my constructive criticism as a personal attack.
molt,"To shed old feathers, hair, or skin to make way for new growth.",The snake will molt its old skin as it continues to grow bigger.
nettle,"To irritate, annoy, or provoke someone.",Her constant phone interruptions began to nettle her coworkers during the meeting.
noxious,"Harmful, poisonous, or very unpleasant (often referring to fumes or odors).",Fumes from the chemical spill were extremely noxious.
occult,"Relating to mystical, supernatural, or magical powers, practices, or phenomena.",The old book discussed occult practices and ancient spells.
odious,"Extremely unpleasant, repulsive, or deserving of hatred.",Cleaning the dirty sewer pipe was an odious task no one wanted.
orthodox,Conforming to what is generally or traditionally accepted as right or true.,She preferred orthodox teaching methods over new experimental styles.
ostracize,To completely exclude someone from a society or group.,The group decided to ostracize him after he betrayed their trust.
outstrip,To move faster than and overtake someone else; to exceed or surpass.,Demand for the new product quickly began to outstrip current supply.
palatable,Pleasant to taste; acceptable or satisfactory to the mind.,Adding a bit of sugar made the bitter medicine much more palatable.
parochial,"Having a highly limited, narrow, or local outlook and scope.",Living in a small town gave him a somewhat parochial perspective.
parody,"A humorous or exaggerated imitation of a writer, artist, or genre.",The show performed a hilarious parody of famous blockbuster movies.
parry,To ward off a weapon or attack with a countermove; to effectively evade a question.,The fencer was able to parry his opponent's sword attack easily.
pastiche,"An artistic work in a style that imitates that of another work, artist, or period.",The movie was a clever pastiche of classic 1980s sci-fi films.
pastoral,"Associated with peaceful country life, grazing animals, and rural landscapes.","The painting depicted a peaceful, pastoral scene with sheep grazing on a green hill."
penurious,"Extremely poor and poverty-stricken; or, extremely stingy (parsimonious).",The penurious man saved every penny and refused to buy new clothes.
perfidious,"Deceitful, untrustworthy, and disloyal.",The perfidious ally leaked defense secrets to the enemy.
permeate,To spread entirely throughout something; to pervade.,The aroma of freshly baked bread began to permeate the entire house.
perpetuate,To make something (typically an undesirable situation or false belief) continue indefinitely.,Spreading rumors will only serve to perpetuate false ideas.
pertinacious,Holding firmly to an opinion or a course of action; highly stubborn or resolute.,The pertinacious salesman refused to leave until he made a sale.
perturb,"To make someone anxious, unsettled, or worried.",News of the upcoming lay-offs started to perturb the employees.
pillory,"To attack, ridicule, or abuse publicly.",The media moved to pillory the celebrity after his scandalous remarks.
pine,To suffer a mental decline from longing or grief; to yearn intensely.,She continued to pine for her home country while living abroad.
pinnacle,"The highest, most successful point or peak.",Winning the championship was the pinnacle of his athletic career.
piquant,"Having a pleasantly sharp, spicy flavor; engagingly provocative.",The soup had a piquant flavor thanks to the addition of hot chili peppers.
pith,The essential or central core of a matter.,The pith of his argument was that education should be accessible to everyone.
pittance,"A very small, inadequate amount of money or pay.",He worked long hours at the farm for a mere pittance.
plausible,"Seeming reasonable, likely, or believable.",Her explanation for being late sounded completely plausible.
poignant,"Evoking a keen sense of sadness, regret, or deep emotion.",The movie ended with a poignant scene that brought tears to my eyes.
polarize,"To divide people or opinions into sharply contrasting, opposing groups.",The controversial debate served to polarize the community.
polemic,A passionate written or verbal attack on someone or something.,The journalist wrote a fierce polemic against the new policy.
posit,"To put forward as a basis for argument, fact, or theory.",Scientists posit that water once flowed on the surface of Mars.
potentate,"A powerful monarch, ruler, or leader.",The ancient potentate ruled over his vast empire with absolute power.
prattle,"To talk at length in a foolish, trivial, or inconsequential way.",The toddler continued to prattle on about her favorite cartoon characters.
precedent,An earlier event or action used as an example or guide for similar future cases.,The court's ruling set a historic precedent for future privacy cases.
precipitous,Dangerously steep; done suddenly and without careful thought.,A precipitous drop in sales forced the company to make emergency cuts.
preternatural,Beyond what is normal or natural; extraordinary or supernatural.,The young pianist played with a preternatural talent far beyond her years.
prevail,To prove superior in power or strength; to triumph.,"Despite facing tough odds, truth and justice will ultimately prevail."
promulgate,"To promote, broadcast, or officially declare an idea, law, or belief.",The government moved quickly to promulgate the new health guidelines.
proselytize,"To attempt to convert someone from one belief, religion, or opinion to another.",Missionaries traveled abroad to proselytize and share their faith.
provident,Making or showing wise preparation or foresight for the future.,It was provident of him to save money every month for unexpected expenses.
prowess,"Exceptional skill, expertise, or bravery in a particular field or action.",Her prowess on the basketball court earned her a college scholarship.
proxy,A person authorized to act on behalf of another; a substitute.,"Since she could not attend the meeting, she sent a proxy to vote for her."
puissant,"Having great power, influence, or physical strength.",The puissant ruler was respected and feared by neighboring nations.
pusillanimous,Lacking courage or resolution; timid or cowardly.,The pusillanimous soldier hid behind a tree during the battle.
quail,To feel or show fear; to shrink back in apprehension.,The bravest guards would quail when facing the fierce dragon.
qualm,"An uneasy feeling of doubt, worry, or misgiving about one's conduct.",He had no qualm about telling a small lie to avoid getting into trouble.
rakish,"Having a dashing, jaunty, or slightly disreputable charm.",He wore his hat at a rakish angle as he walked down the street.
rebuke,"To express sharp, stern disapproval or criticism of someone.",The teacher had to rebuke the student for talking during the exam.
relevant,Closely connected or appropriate to what is being done or considered.,Please bring up only points that are relevant to today's topic.
relish,To enjoy or take great pleasure in something.,She began to relish every moment of her long summer vacation.
remonstrate,"To make a forcefully reproachful protest, complaint, or argument against something.",Employees gathered to remonstrate against the sudden pay cuts.
renege,"To go back on a promise, undertaking, or contract.",It is unethical to renege on an agreement after signing the contract.
requite,"To make appropriate return for a favor, service, or affection; to repay.",He hoped she would requite his affection with a warm smile.
retiring,"Shy, quiet, reserved, or fond of solitude.",Beneath her retiring personality was a brilliant and creative mind.
retract,"To draw back or withdraw a statement, claim, or promise.",The newspaper was forced to retract the false story and print an apology.
rile,"To make someone annoyed, irritated, or angry.",Harsh insults will easily rile up the hot-tempered player.
rue,To bitterly regret an action or situation.,You will rue the day you ignored my warning.
ruminate,To think deeply or ponder about something at length.,He took a long walk in the park to ruminate on his career choices.
salutary,"Producing good, beneficial, or wholesome effects (often after a tough experience).",Failing the practice exam was a salutary lesson that made him study harder.
satire,"The use of humor, irony, or exaggeration to expose and criticize human folly or wickedness.",The TV show uses clever satire to poke fun at modern politics.
saturnine,"Gloomy, dark, sullen, or slow in mood and temperament.",His saturnine expression suggested he was in a deeply dark mood.
savor,"To taste, enjoy, or appreciate something completely.",She closed her eyes to savor the rich flavor of the chocolate cake.
schism,A split or division between strongly opposed sections or parties caused by differences in opinion.,Disagreements over policy created a deep schism within the political party.
secrete,To produce and discharge a substance (biology); or to hide or conceal something.,Glands in the human skin secrete sweat to help cool the body down.
semblance,"The outward appearance or apparent form of something, especially when different from reality.",He tried to maintain a semblance of calm despite feeling terrified inside.
sentient,"Able to perceive, feel, or experience things; conscious.",Sci-fi movies often feature alien species that are intelligent and sentient.
shard,"A sharp piece of broken ceramic, glass, metal, or earthenware.",Be careful not to step on that sharp shard of broken glass.
sinuous,"Having many curves, turns, or bends; winding and graceful.",The sinuous river wound its way through the mountain valley.
skeptic,"A person inclined to question, doubt, or mistrust accepted opinions or claims.","As a natural skeptic, she wanted to see clear scientific proof before believing the claim."
smattering,"A slight, superficial knowledge of a subject; a small, scattered amount.","He knows only a smattering of Spanish, just enough to order food."
soliloquy,"An act of speaking one's thoughts aloud when alone, especially in a drama.",Hamlet's famous soliloquy reveals his deep inner turmoil to the audience.
solvent,Able to pay all debts; or a liquid substance capable of dissolving another.,The company managed to stay solvent despite severe economic losses.
spurn,"To reject with disdain, scorn, or contempt.",She chose to spurn his offer of help because she wanted to do it herself.
squalid,"Extremely dirty, unpleasant, and neglected (usually due to poverty).",They lived in a squalid apartment with peeling paint and broken pipes.
squander,"To waste money, time, or an opportunity in a reckless and foolish manner.",It would be a shame to squander your talent on something you don't care about.
squelch,"To forcefully suppress, silence, or crush.",The manager moved quickly to squelch the false rumors in the office.
staid,"Sedate, respectable, unadventurous, and serious.",The staid professor wore the same brown suit every single day.
stalwart,"Loyal, reliable, and hardworking; physically strong.","A stalwart supporter of the charity, he volunteered every weekend."
static,"Lacking in movement, action, or change; stationary.",The population of the tiny village remained static for decades.
steadfast,"Resolutely firm, unwavering, and loyal in belief or purpose.",She remained steadfast in her commitment to finishing her degree.
stentorian,Extremely loud and powerful (referring to a voice).,The coach called out play directions in a stentorian voice heard across the field.
stint,A fixed or limited period of work; or to be frugal and sparing with resources.,"After a short stint in the navy, he returned home to study law."
stipulate,To demand or specify a requirement as part of an agreement.,The contract will stipulate that payment must be made within thirty days.
stoic,A person who can endure pain or hardship without showing feelings or complaining.,"He remained stoic during the difficult treatment, never complaining once."
sublime,"Of such grandeur, beauty, or excellence as to inspire awe.",Standing at the peak of the mountain offered a sublime view of the valley below.
subpoena,A legal order commanding a person to attend court or produce evidence.,The witness received a court subpoena requiring her to testify next week.
substantiate,To provide evidence to prove or support the truth of a claim.,You need concrete facts and figures to substantiate your argument.
subversive,"Intended to undermine, disrupt, or overthrow an established system or institution.","The government banned the book, calling its ideas dangerously subversive."
supersede,To take the place of something previously in use; to replace or set aside.,The new edition of the textbook will supersede the older version next year.
supplicate,"To ask or beg for something humbly, earnestly, or prayerfully.",The desperate villagers gathered to supplicate the king for mercy.
tarnish,To dull the shine of metal; to damage or spoil a reputation.,Scandalous allegations threatened to tarnish his clean reputation.
travail,"Painful, arduous effort; grueling physical or mental labor.","After years of hard travail, the team finally completed the monumental project."
truculence,Eagerness to fight; aggressive defiance or fierceness.,His constant truculence made it hard for him to work peacefully with others.
unimpeachable,"Entirely beyond doubt, fault, or reproach; impossible to criticize.",The judge selected a detective of unimpeachable integrity to head the investigation.
usury,The practice of lending money at unreasonably high interest rates.,The loan shark was arrested for usury after charging 50% interest on a small personal loan.
vacuous,Lacking thought or intelligence; empty-headed.,The beauty pageant contestant gave a vacuous answer that showed she didn't understand the question at all.
venial,Easily forgiven or excused; minor (describing a fault or sin).,"Accidentally stepping on someone's toe is a venial mistake, easily fixed with a quick apology."
veritable,"Real, genuine, or true (used to emphasize a description).","With all the toys scattered across the floor, the living room had become a veritable obstacle course."
vestige,A remaining trace or mark of something that no longer exists.,The crumbling stone wall in the forest is the last vestige of an ancient castle.
viable,Capable of working successfully or surviving; feasible.,The manager rejected the idea because it was simply too expensive to be a viable business strategy.
vilify,To speak or write about someone in an abusively disparaging manner.,The politician tried to vilify his opponent by spreading vicious and false rumors in the press.
viscous,"Thick, sticky, and slow-flowing (describing a liquid).",The cold maple syrup was so viscous that it took forever to pour out of the bottle.
vitiate,"To spoil, impair, or corrupt the quality or effectiveness of something.","Leaving the cap off the bottle will vitiate the medicine, causing it to lose all its potency."
vituperate,"To blame, scold, or criticize someone harshly and abusively.",The angry coach began to vituperate the players after their embarrassing loss.
voracious,Having a huge appetite or an insatiable eagerness for an activity.,"As a voracious reader, she finishes two or three books every weekend."
wary,"Cautious, watchful, and alert to potential danger.",Be wary of emails from unknown senders that ask for your personal details.
whet,"To sharpen a blade; to excite, stimulate, or sharpen a desire.",The delicious smell of baking bread helped to whet our appetite before dinner.
zealot,A person who is fanatically and uncompromisingly devoted to a cause.,The fitness zealot refused to eat anything that contained even a gram of processed sugar.
abdicate,To formally renounce or give up a position of power or throne.,The king decided to abdicate the throne so his young son could take power.
aberration,"A departure from what is normal, usual, or expected.",Snowing in mid-May was a complete aberration for the usually warm city.
abhor,"To regard with extreme hatred, disgust, or loathing.",I abhor cruelty to animals and always support local rescue shelters.
abridge,To shorten or condense a text or right without losing main points.,The publisher decided to abridge the long novel so students could read it quickly.
abscission,"The natural detachment or cutting off of leaves, flowers, or plant parts.","Autumn brings leaf abscission, causing trees to drop their foliage for the winter."
abut,To touch or share a common border with; to adjoin.,"Our backyard abuts a quiet neighborhood park, so we have a great view."
accessible,"Easy to approach, reach, enter, or understand.",The building installed a new ramp to make the entrance accessible to everyone.
accolade,"An award, honor, or expression of praise.",Winning the Nobel Prize is considered the highest accolade a scientist can receive.
acerbic,"Sharp, biting, or bitter in taste or tone.",Her acerbic remarks during the meeting offended several of her coworkers.
acrid,"Unpleasantly sharp, bitter, or pungent in taste or smell.",The acrid smoke from the burning tires filled the air and made us cough.
acrimonious,"Angry, bitter, and full of resentment (especially in debate).",Their acrimonious divorce involved months of heated arguments over property.
adhere,To stick fast to a surface; to follow or stay devoted to a belief or rule.,All drivers must adhere to the speed limit to keep the roads safe.
adroit,"Clever, skillful, or adept in using the hands or mind.",The adroit mechanic fixed the car's complex engine problem in less than ten minutes.
advert,To refer to or turn attention toward something.,"In his speech, the mayor briefly adverted to the problem of rising city taxes."
affectation,Artificial behavior or speech designed to impress others; pretension.,Speaking with a fake British accent was an affectation he used to seem sophisticated.
aghast,"Filled with horror, shock, or amazement.",She was aghast when she saw the messy state of her kitchen after the party.
agitate,"To disturb, excite, or stir up trouble or emotions.",Loud music and sudden movements tend to agitate the nervous puppy.
allay,"To diminish, soothe, or put to rest (fears, pain, or worries).",The doctor explained the simple procedure to allay the patient's fears.
allege,"To claim or assert that someone has done something wrong, without proof.","Neighbors allege that the factory is polluting the river, but they lack evidence."
altruism,Unselfish concern for the well-being and happiness of others.,Volunteering at the homeless shelter every weekend was a clear act of altruism.
amalgam,A mixture or combination of different elements.,The restaurant's menu is an exciting amalgam of French and Italian cooking styles.
ambivalent,"Having mixed, conflicting, or contradictory feelings about something.",He felt ambivalent about moving to a new city because he was both excited and scared.
anesthetic,A substance that causes temporary loss of sensation or awareness.,The dentist gave her a local anesthetic so she wouldn't feel pain during the tooth extraction.
animus,"A feeling of ill will, hostility, or animosity.",There was strong personal animus between the leaders of the two rival sports teams.
anoint,To smear or rub with oil as part of a ritual; to officially choose someone.,The committee met to anoint the young manager as the company's next chief executive.
anthology,"A published collection of poems, stories, or writings by various authors.",I bought an anthology of classic horror stories to read over the weekend.
apex,"The highest point, top, or peak of something.",Winning the national championship was the apex of his athletic career.
apropos,"Very appropriate, relevant, or fitting to a situation.","Her comment about saving money was very apropos, given our tight budget."
artful,"Clever, skillful, or deceitful and crafty.",The artful negotiator managed to secure a great deal without upsetting the other side.
artifice,Clever or cunning devices used to trick or deceive others.,The magician relied on clever stage artifice rather than real magic to fool the audience.
ascendancy,"Occupation of a position of dominant power, influence, or control.",The tech company gained ascendancy in the market by releasing innovative products first.
aspersion,An attack on the reputation or integrity of someone; slander.,Casting a false aspersion on her honesty cost him many of his closest friends.
assent,To express agreement or approval.,The committee members nodded their heads to signal their assent to the proposed plan.
atavism,A recurrence of a trait or behavior from an earlier ancestor or past era.,The dog's habit of howling at the moon is an atavism from its wild wolf ancestors.
augury,"An omen, sign, or prediction of future events.",Ancient priests believed the sudden dark clouds were a bad augury for the upcoming battle.
avert,To turn away (one's eyes); to prevent or ward off a bad outcome.,Quick action by the alert driver helped avert a serious collision on the highway.
axiom,A statement or proposition accepted as self-evidently true.,It is a well-known business axiom that the customer is always right.
bane,"A cause of great distress, annoyance, or ruin.",Constant rush-hour traffic jams were the bane of his daily commute to work.
beatific,Blissfully happy or bestowing divine happiness and blessing.,The peaceful sleeping baby had a beatific smile on her face.
begrudge,To envy someone for having something; to give reluctantly.,You shouldn't begrudge him his success; he worked eighty hours a week to earn it.
beleaguer,"To harass, beset, or surround with trouble and pressure.",Rising costs and falling sales continue to beleaguer small business owners.
belittle,To make someone or something seem unimportant or small.,A good teacher encourages students rather than trying to belittle their efforts.
benevolent,"Well-meaning, kind-hearted, and charitable.",The benevolent stranger anonymously donated thousands of dollars to the local food bank.
bent,"A natural inclination, talent, or tendency toward something.","She showed a strong artistic bent at an early age, constantly drawing and painting."
bereft,Deprived of or lacking something; lonely and abandoned.,"After losing his favorite jacket, he felt completely bereft of warmth in the cold wind."
beseech,To ask or beg someone urgently and fervently.,I beseech you to reconsider your decision before it causes permanent harm.
besmirch,To damage the reputation of someone; to make dirty.,The false rumors threatened to besmirch the honest officer's clean record.
bilious,Bad-tempered or irritable; sickeningly unpleasant.,His bilious mood made everyone in the office try to avoid talking to him today.
bleak,"Cold, bare, miserable, or offering little hope.","Without any job interviews lined up, his financial future looked bleak."
blight,"Something that spoils, damages, or destroys; a plant disease.","The abandoned, falling-down house was a blight on an otherwise beautiful street."
boor,"A rude, unrefined, or insensitive person.",He proved to be a boor by chewing with his mouth open and constantly interrupting others.
bowdlerize,To censor or remove potentially offensive material from a text.,The publisher decided to bowdlerize the classic novel so it would be suitable for young children.
bravado,A bold or confident manner intended to impress or intimidate.,"Despite his loud display of bravado, he was secretly terrified of public speaking."
brevity,Concise and exact use of words; shortness of time.,Everyone appreciated the brevity of the speech during the hot afternoon ceremony.
broach,To bring up a sensitive topic for discussion.,She was nervous to broach the topic of a pay raise with her strict manager.
buoyant,Able to float; cheerful and optimistic.,Her buoyant personality brought warmth and cheerful energy to everyone in the room.
byzantine,"Excessively complex, intricate, or devious.",Navigating the government agency's byzantine paperwork rules took several weeks.
cabal,"A small, secret political clique or faction.",A cabal of high-ranking army officers plotted in secret to overthrow the government.
cacophony,"A harsh, jarring mixture of sounds.",The cacophony of honking car horns and noisy jackhammers woke me up early.
cameo,A brief appearance by a prominent person in a film or play.,The famous director made a quick cameo as a waiter in the opening scene of the movie.
candor,"The quality of being open, honest, and straightforward.",I greatly appreciated her honesty and candor when we discussed the team's mistakes.
canon,"A general rule, principle, or accepted body of authoritative works.",Shakespeare's plays are considered an essential part of the Western literary canon.
caprice,"A sudden, unpredictable change of mood or behavior.","Driven by pure caprice, she suddenly decided to quit her job and move to Paris."
captious,Tending to find petty faults or raise silly objections.,"The captious critic spent the whole review complaining about tiny, unimportant errors."
caricature,An exaggerated representation of a person or thing.,The street artist drew a funny caricature of us with huge eyes and tiny bodies.
champion,"To vigorously support, defend, or fight for a cause.",The activist worked endlessly to champion equal rights for everyone in the community.
chivalrous,"Courteous, honorable, and gracious (especially toward women).",He showed his chivalrous nature by holding the door open and offering his jacket in the rain.
circumlocution,The use of unnecessarily many words; indirect expression.,"Instead of giving a direct ""no,"" the politician used circumlocution to avoid the question."
clarion,"Loud, clear, and inspiring (like a trumpet call).",The leader issued a clarion call for unity during the city's time of crisis.
clemency,Mercy or leniency shown toward an offender or enemy.,"The governor granted clemency to the prisoner, reducing his sentence significantly."
cloying,"Excessively sweet, rich, or sentimental to a sickening degree.",The movie was ruined by a cloying romance scene that felt far too fake and cheesy.
coagulate,To change from a liquid to a thickened or solid state; to clot.,Blood naturally begins to coagulate over a fresh cut to stop the bleeding.
coda,"A concluding section of a musical piece, movement, or story.",The novel's emotional coda described what happened to the characters twenty years later.
colossal,"Extremely large, massive, or impressive in size.",The construction crew built a colossal statue that could be seen from miles away.
compelling,"Evoking strong interest, attention, or admiration.",She offered a compelling argument that easily convinced the judge to agree with her.
compendium,"A concise, detailed collection or summary of a body of knowledge.",The textbook serves as a complete compendium of medical information for young doctors.
compound,To make a problem worse; to combine into a whole.,Lying about your mistake will only compound the problem and make your parents angrier.
comprehensive,Complete and including all or nearly all elements.,The travel guide provides a comprehensive list of all the historic sites in the city.
concur,To agree or hold the same opinion.,"After reviewing the evidence, all three doctors concurred on the patient's diagnosis."
confluence,A flowing together of two or more streams or ideas; a junction.,"The town grew near the confluence of two major rivers, making it a bustling trading post."
congeal,"To solidify or become firm, especially by cooling.",The leftover soup began to congeal into a thick layer as it sat in the refrigerator.
conscientious,"Wishing to do one's work thoroughly, carefully, and correctly.",The conscientious employee double-checked every report to make sure there were zero errors.
consensus,General agreement among a group of people.,The committee finally reached a consensus after discussing the plan for three hours.
conservatory,A school specializing in fine arts or music; a glass greenhouse.,She studied classical piano for four years at the world's top music conservatory.
console,To comfort someone at a time of grief or disappointment.,I tried to console my friend after her dog passed away by bringing her favorite meal.
conspire,To make secret plans together to commit an unlawful act.,Two dishonest executives were caught trying to conspire to steal money from the firm.
constituent,A component part of a whole; a voting member of a community.,The senator met with every constituent who had concerns about local taxes.
contiguous,Sharing a common border; touching or directly next to each other.,"The United States consists of 48 contiguous states, plus Alaska and Hawaii."
contingent,Dependent on uncertain circumstances; or a delegation forming part of a gathering.,Our outdoor picnic plans are contingent on whether or not it rains this afternoon.
contravene,"To violate, breach, or go against a rule or law.",Parking in front of a fire hydrant directly contravenes city traffic laws.
convention,A customary way of doing something; an established social norm or meeting.,Shaking hands when meeting someone new is a widely accepted social convention.
conversant,Familiar with or knowledgeable about a subject.,"Because she lived in Tokyo for five years, she is fully conversant in Japanese culture."
corollary,A direct or natural consequence or result.,High job performance is often a natural corollary of hard work and dedication.
corporeal,Relating to a physical body as opposed to the spirit.,"Ghosts are spiritual beings that lack a solid, corporeal body."
corpulent,Fat or bulky; overweight.,The corpulent cat spent most of its day sleeping on the couch and eating snacks.
countenance,A person's face or facial expression; to approve or tolerate.,Her cheerful countenance brightened the room as soon as she walked in.
cow,"To intimidate, frighten, or subdue someone into compliance.",The harsh manager tried to cow his employees into working unpaid overtime.
cunning,Skillful in achieving one's goals by deceit or cleverness.,The cunning fox managed to steal food from the farm without getting caught.
curtail,To reduce in extent or quantity; to cut short.,The school had to curtail its field trips this year due to budget cuts.
debacle,"A sudden, disastrous failure or fiasco.",The outdoor wedding turned into a complete debacle when a heavy storm blew away the tent.
debonair,"Confident, stylish, and charming.","Dressed in a sleek tuxedo, the actor looked debonair as he walked the red carpet."
decipher,"To succeed in reading or understanding code, writing, or meaning.",It took hours for the detective to decipher the messy handwriting in the old diary.
declivity,A downward slope.,The hikers carefully walked down the steep declivity of the mountain trail.
decorous,"Polite, restrained, and in keeping with good taste.",The guests maintained decorous behavior throughout the formal dinner party.
decry,To publicly denounce or strongly criticize.,Environmental groups gathered outside city hall to decry the dumping of chemical waste.
default,Failure to fulfill an obligation or repay a loan; to fail to act.,Missing several bank payments caused the homeowner to default on his mortgage.
defer,To put off to a later time; or to yield respectfully to another's judgment.,She decided to defer her entrance to college for one year so she could travel.
deft,Neatly skillful and quick in movement or thought.,"With deft fingers, the surgeon quickly tied the tiny surgical threads."
delusion,A persistent false belief held despite strong contrary evidence.,He lived under the delusion that he was going to win the lottery without buying a ticket.
demure,"Reserved, modest, and shy.",She gave a demure smile and quietly thanked everyone for the compliment.
depose,To remove a leader from power forcefully; to testify under oath.,The military officers plotted to depose the corrupt dictator and restore democracy.
deprecate,To express strong disapproval of something.,Selfish behavior is something that good teachers always deprecate in the classroom.
desecrate,To treat a sacred place or object with violent disrespect; to profane.,Vandals were arrested after trying to desecrate the historic church with spray paint.
deterrent,Something that discourages or prevents a particular action.,Installing security cameras serves as a strong deterrent against crime.
devolve,"To pass down power, responsibility, or duty to a lower level.","When the manager fell ill, her daily duties devolved upon her assistant."
diffidence,Shyness or modesty resulting from a lack of self-confidence.,Her natural diffidence made it difficult for her to raise her hand in class.
dilate,"To make or become wider, larger, or more open.",The eye doctor used special drops to dilate the patient's pupils for the exam.
din,"A loud, unpleasant, and prolonged noise.",It was impossible to hear what he was saying over the din of the factory machines.
discordant,Disagreeing or harsh-sounding; lacking harmony.,The beginner orchestra played a series of discordant notes that made the audience cringe.
disdain,The feeling that someone or something is unworthy of respect; contempt.,"She looked at the pile of dirty, unwashed dishes with extreme disdain."
disenfranchise,To deprive someone of the right to vote or of privileges.,Strict new requirements threatened to disenfranchise low-income voters in the city.
distort,To pull or twist out of shape; to give a misleading account of.,"The funhouse mirror seemed to distort her face into strange, funny shapes."
distraught,"Deeply upset, agitated, and anxious.",The distraught mother searched frantically for her lost child in the crowded mall.
diverge,To separate and go in different directions; to deviate.,"The two roads diverge in the woods, with one heading north and the other south."
doctrinaire,Rigidly applying a theory or belief without regard to practical considerations.,His doctrinaire approach to politics made it impossible for him to compromise.
dogged,Showing persistent determination; stubborn and tenacious.,"Through dogged effort and relentless practice, she finally mastered the piano piece."
duress,"Threats, violence, or constraints used to force someone into action.",He signed the contract under duress after being threatened with physical violence.
effete,"Lacking vigor, energy, or vitality; exhausted or decadent.",The old empire had become weak and effete after centuries of luxury and laziness.
efficacious,Effective and successful in producing a desired result.,The new medicine proved to be highly efficacious in reducing high blood pressure.
effluvium,"An unpleasant, harmful, or foul-smelling odor or discharge.",A sickening effluvium rose from the overflowing trash cans on the hot summer day.
embroil,"To involve deeply in an argument, conflict, or difficult situation.",I tried not to embroil myself in my friends' petty personal argument.
encomium,A formal speech or piece of writing praising someone highly.,"At the retirement party, the boss delivered a glowing encomium celebrating her career."
enhance,"To improve or increase the quality, value, or extent of something.",Adding a fresh coat of paint will greatly enhance the overall appearance of the room.
ennui,"A feeling of listlessness, boredom, and dissatisfaction from lack of interest.",Sitting through the dull three-hour lecture filled the students with deep ennui.
enormity,"The extreme wickedness, seriousness, or massive scale of a bad act.",It took time for the public to fully realize the enormity of the war crime.
entice,"To attract or tempt by offering pleasure, reward, or advantage.",The bakery used the warm scent of fresh cinnamon rolls to entice customers into the shop.
entreat,To ask or beg someone earnestly or anxiously to do something.,The trapped workers began to entreat the firefighters to rescue them quickly.
epitome,A person or thing that is a perfect example or summary of a quality.,"With her polite manners and kind heart, she was the absolute epitome of grace."
equable,"Even-tempered, calm, and not easily disturbed or changing.",His equable nature helped him stay calm even during high-stress emergencies.
eradicate,"To completely destroy, eliminate, or wipe out.",The city took major steps to eradicate rats from the subway stations.
erroneous,Wrong or incorrect; based on a mistake.,"The news article contained erroneous information about the crash, which was fixed later."
euphoria,"A state of intense happiness, excitement, and well-being.",The team was filled with total euphoria after winning the championship game.
evasive,Tending to avoid commitment or self-disclosure; intentionally vague.,The suspect gave evasive answers when the police asked him where he was last night.
evoke,"To bring or recall a feeling, memory, or image to mind.",The old song managed to evoke sweet memories of her childhood summers.
exemplify,"To serve as a typical, clear example of something.",Her dedication and long hours of hard work exemplify what it takes to succeed.
exigency,"An urgent requirement, demand, or emergency state.",The sudden hurricane created a severe exigency that required immediate response.
exotic,"Originating in or characteristic of a distant, foreign country.",The botanical garden displayed many exotic plants brought from tropical rainforests.
expansive,"Open, communicative, and outgoing; covering a wide area.","After a good meal and a cup of coffee, his host became unusually warm and expansive."
expatiate,To speak or write at length or in great detail.,"The professor loved to expatiate on ancient history, lecturing for hours without taking a break."
expedient,"Convenient and practical, though possibly improper or immoral.","Lying about his experience was an expedient way to get the job, but it caught up with him later."
expedite,To make an action or process happen faster.,You can pay an extra fee to expedite the shipping of your package.
expiate,To make amends or compensate for guilt or wrongdoing.,He tried to expiate his past mistakes by volunteering hundreds of hours at the local shelter.
explicate,To analyze and explain an idea or text in detail.,The teacher asked us to explicate the poem line by line during class discussion.
extenuate,To lessen the seriousness of an offense by providing excuses.,Nothing you say can extenuate your decision to cheat on the final exam.
extort,"To obtain something by force, threats, or intimidation.",The criminal tried to extort money from store owners by threatening to ruin their shops.
extrapolate,To infer or estimate unknown values based on known data.,Scientists can extrapolate future temperature trends by studying climate data from past years.
fabricate,"To invent, construct, or make up something, typically to deceive.",He had to fabricate a wild excuse for why he missed the morning meeting.
factitious,Artificially created or developed; not genuine or authentic.,The news story created a factitious sense of panic that was not based on real evidence.
fallacy,A mistaken belief or a flaw in logic and reasoning.,Believing that spending more money automatically guarantees better quality is a common fallacy.
fallible,Capable of making mistakes or being wrong.,"All human beings are fallible, so it is natural to make mistakes occasionally."
feasible,Possible to do easily or conveniently; practical and realistic.,Building a solar-powered car is now a completely feasible project for engineers.
fete,"To honor, entertain, or celebrate someone lavishly.",The city gathered to fete the returning Olympic heroes with a massive parade.
fetid,"Smelling extremely unpleasant, stale, and foul.",A fetid odor rose from the garbage bag that had been left in the hot sun all weekend.
fiasco,"A complete, embarrassing failure or disaster.",The outdoor party turned into a total fiasco when a sudden thunderstorm blew away the tent.
figurative,Departing from literal meaning; using figures of speech or metaphors.,"When she said she was so hungry she could eat a horse, she was speaking in a figurative sense."
filibuster,Prolonged speechmaking to delay or prevent a vote in a legislature.,The senator held a ten-hour filibuster to delay the vote on the controversial bill.
finesse,"Intricate and refined skill, tact, or diplomacy.",The diplomat handled the delicate peace negotiations with great skill and finesse.
firebrand,A passionate person who stirs up trouble or causes agitation.,The young firebrand led protests demanding immediate reforms from the government.
fluctuate,"To rise and fall irregularly in number, amount, or quality.",Gas prices tend to fluctuate throughout the summer based on supply and demand.
flux,"Continuous change, passage, or movement.",The company's management structure was in a constant state of flux during the corporate merger.
foil,To prevent someone from succeeding; or a person/thing contrasting another.,The alert security guard managed to foil the thief's attempt to steal the painting.
forbearance,"Patient self-control, restraint, and forgiveness.","The teacher showed incredible forbearance while dealing with the noisy, restless classroom."
formidable,Inspiring fear or respect through being impressively large or powerful.,The champion boxer was a formidable opponent who had never lost a single match.
fortitude,Courage and mental strength in bearing pain or adversity.,She faced her long recovery process with amazing courage and fortitude.
foster,"To encourage, promote, or nurture the growth of something.",Good managers try to foster open communication and creativity among team members.
fracas,"A noisy disturbance, quarrel, or brawl.",Security guards quickly stepped in to break up the loud fracas outside the club.
fraught,"Filled with or likely to result in something undesirable (e.g., risk).",The journey through the storm-damaged mountain pass was fraught with danger.
frenetic,"Fast, energetic, and wild in a frantic or uncontrolled way.",The trading floor of the stock exchange was full of frenetic activity all morning.
fresco,A painting technique done rapidly in watercolor on wet plaster.,The ancient church ceiling features a breathtaking Renaissance fresco.
fringe,"The outer edge, margin, or unconventional border of a group or idea.",He held unusual political beliefs that kept him on the fringe of the main political parties.
gall,"Bold, impudent behavior; insolence.",He had the gall to ask for a raise right after arriving late three days in a row.
garner,"To gather, collect, or accumulate over time.",The new film managed to garner glowing reviews from movie critics worldwide.
genial,"Friendly, cheerful, and pleasant in manner.",The genial host greeted every guest at the door with a warm smile and a handshake.
gerrymander,To manipulate political boundaries to favor one party or class.,The political party tried to gerrymander voting districts to secure an easy election win.
gibe,"An insulting, taunting, or mocking remark.",He ignored the cruel gibe made by his rival and stayed focused on winning the race.
gist,The main point or essential substance of a matter.,"I missed a few details of the lecture, but I understood the general gist of the topic."
glower,"To stare with angry, sullen dislike or discontent.",The disappointed parent began to glower at his child after seeing the poor report card.
glut,An excessively abundant supply of something.,"There was a sudden glut of apples in the market, which caused prices to drop significantly."
gouge,To overcharge or extort money from someone; to scoop out.,Gas stations were warned not to gouge drivers during the regional fuel shortage.
gradation,A scale or series of subtle successive stages or changes.,The evening sky displayed a smooth gradation from deep orange to soft purple.
gratify,"To give pleasure, satisfaction, or delight to someone.",It will greatly gratify her parents to see her graduate at the top of her class.
grisly,Causing horror or disgust; gruesome.,The police officer refused to share the grisly details of the crime scene with reporters.
guileless,"Innocent, honest, and free of deceit.",The young child gave a guileless answer that proved he was telling the complete truth.
hale,"Strong, healthy, and vigorous (especially describing an older person).","Even at eighty years old, my grandfather remains hale and active enough to go hiking daily."
hapless,"Unfortunate, unlucky, and ill-fated.",The hapless tourist spilled coffee on his passport right before his international flight.
harbinger,A person or thing that signals or announces the approach of another.,The appearance of warm sunshine is often seen as a welcome harbinger of spring.
hermetic,Completely sealed against air; insulated from outside influences.,The roasted coffee beans are packed in a hermetic jar to preserve their flavor.
heterodox,"Not conforming to accepted, traditional, or orthodox standards.",His heterodox scientific ideas were initially rejected by conservative researchers.
heterogeneous,Diverse in character or content; composed of mixed parts.,The university campus features a heterogeneous population of students from all over the world.
hew,"To chop, cut, or conform strictly to a standard or rule.",Members of the committee are expected to hew strictly to the organization's guidelines.
heyday,"The period of greatest success, popularity, or vigor.","In its heyday, the silent film studio produced dozens of blockbuster movies each year."
hodgepodge,A confused mixture or random jumble of different things.,"The storage closet was a messy hodgepodge of old sports gear, books, and winter clothes."
homage,"Special honor, respect, or tribute shown publicly.",The museum exhibit was created as a respectful homage to the pioneering artist.
homogeneous,Of the same kind; uniform throughout.,The suburban neighborhood consisted of homogeneous houses that all looked nearly identical.
illicit,"Forbidden by law, rules, or custom; illegal.",Border agents seized a cargo truck containing a large amount of illicit goods.
immaculate,"Perfectly clean, neat, or free from flaws.",Her kitchen was so immaculate that you couldn't find a single drop of grease anywhere.
impermeable,"Not allowing liquid, fluid, or gas to pass through.",Heavy-duty rain boots are made of impermeable rubber to keep water out completely.
impiety,"Lack of respect or reverence for God, religion, or sacred things.",Shouting rudely during the solemn ceremony was condemned as an act of impiety.
impious,"Disrespectful toward God, religion, or traditional duty.",His impious remarks offended many of the devoted worshippers inside the temple.
implausible,"Not seeming reasonable, likely, or believable.",His claim that an alien ate his homework was completely implausible.
implode,To collapse violently inward.,The old industrial building was detonated so it would safely implode into its own footprint.
impregnable,"Unable to be captured, broken into, or defeated.","Built high on a rocky cliff, the fortress was virtually impregnable to attacking forces."
improvise,"To create, perform, or invent on the spot without preparation.","When the actor forgot his lines, he had to improvise a new dialogue on stage."
inarticulate,Unable to speak distinctly or express oneself clearly.,"Overcome with sudden anger, he was left completely inarticulate and unable to reply."
incandescent,Emitting light as a result of heat; passionately brilliant.,"The old incandescent lightbulb gave off a gentle, warm glow in the dark room."
incense,To make someone extremely angry or enraged.,The sudden decision to cut employee benefits is sure to incense the entire workforce.
incisive,"Intelligent, clear-thinking, and direct to the point.",Her incisive analysis helped the company spot the flaw in their strategy right away.
incredulous,Unwilling or unable to believe something; skeptical.,He gave an incredulous look when told he had won the grand lottery prize.
inculcate,"To instill an attitude, idea, or habit through persistent instruction.",Good parents strive to inculcate values of kindness and honesty in their children early on.
incumbent,Currently holding an office; mandatory or binding as a duty.,The incumbent mayor is facing tough competition from two new political candidates.
indifferent,Having no particular interest or sympathy; unconcerned.,He remained completely indifferent about which movie they decided to watch that evening.
indigence,Extreme poverty or neediness.,The charity organization provides emergency shelter and food to families facing indigence.
indignant,Feeling or showing anger at unfair treatment.,She was indignant when accused of taking credit for a coworker's project.
industrious,"Hardworking, diligent, and devoted to labor.",The industrious student stayed late in the library every single evening to study.
inept,"Lacking skill, ability, or competence; clumsy.",His inept attempt at assembling the table left it wobbly and missing half its screws.
infallible,Incapable of making mistakes or being wrong.,"No computer program is completely infallible, so backing up your files is essential."
ingenious,"Clever, original, and inventive in creation or thought.",She designed an ingenious tool that makes peeling apples much faster and easier.
ingenuity,"The quality of being clever, inventive, and resourceful.",It took impressive human ingenuity to build space rovers that can explore Mars.
ingrate,An ungrateful person who does not appreciate favors.,He showed himself to be an ingrate when he complained about a free home-cooked meal.
insensible,"Unconscious, unaware, or indifferent to feeling or surroundings.",The boxer lay insensible on the canvas for several seconds following the heavy hit.
insurgent,A rebel or revolutionary fighting against established authority.,The insurgent fighters launched a surprise attack against the military outpost.
insurrection,A violent uprising or rebellion against government or authority.,Troops were sent to the region to put down an armed insurrection against the state.
inter,To place a dead body in a grave or tomb; bury.,Family members gathered quietly at the cemetery to inter their beloved relative.
interdict,"To officially forbid, prohibit, or block an action or passage.",Government patrol boats worked around the clock to interdict illegal smuggling operations.
interminable,Endless or seeming to last forever.,Waiting in line for three hours at the government office felt like an interminable chore.
interregnum,A temporary gap or period between two successive reigns or governments.,"During the political interregnum after the monarch died, a council governed the nation."
inviolable,"Sacred and immune to infringement, destruction, or assault.",Freedom of expression is treated as an inviolable right under the country's constitution.
invoke,"To call upon a higher power, law, or authority for assistance or support.",The defense attorney chose to invoke a legal precedent set by the high court last year.
irksome,"Annoying, irritating, or tedious.",Having to fill out the exact same form three different times was an irksome task.
jingoism,"Extreme, aggressive, or fanatical patriotism, often pushing for war.",The politician's speeches were full of jingoism that encouraged hostility toward neighboring countries.
jingoist,"A person who displays extreme, aggressive, and hostile patriotism.","As a radical jingoist, he constantly urged the government to enter foreign conflicts."
jocund,"Cheerful, merry, and lighthearted.",The jocund host kept all the dinner guests laughing throughout the evening.
juggernaut,"A massive, unstoppable force or organization that crushes obstacles.",The tech company became an economic juggernaut that quickly dominated the entire market.
junta,A military or political group that rules a country after seizing power by force.,A military junta took control of the government after overthrowing the president.
laborious,"Requiring considerable time, effort, and hard work.",Digging the long foundation trench by hand was a slow and laborious task.
lacerate,"To tear, cut deeply, or mangle flesh or tissues.",Sharp thorn bushes can easily lacerate your skin if you walk through them.
lackluster,"Lacking brilliance, energy, or vitality; dull.",The team gave a lackluster performance that left the fans feeling disappointed.
lascivious,"Expressing or revealing overt, offensive sexual desire.",He was fired from his job after making lascivious remarks to his coworkers.
latitude,"Freedom of action, thought, or choice; scope.",The manager gave her team plenty of latitude to decide how to complete the project.
laud,"To praise, extol, or glorify highly.",The critics gathered to laud the young author for her brilliant new novel.
lax,"Careless, negligent, or not strict enough.",Security at the entrance was so lax that anyone could walk in without an ID card.
levee,An embankment built alongside a river to prevent flooding.,Workers piled sandbags along the levee to keep the rising river from flooding the town.
listless,"Lacking energy, enthusiasm, or interest; lethargic.","Sick with the flu, the child spent a listless afternoon lying on the couch."
loathe,"To feel intense hatred, disgust, or dislike for.","I loathe doing dishes, so I always let them stack up in the sink."
lode,A rich vein of mineral ore embedded in rock.,Miners were thrilled to discover a rich lode of silver deep inside the mountain.
lull,"A temporary period of quiet, calm, or reduced activity.",We used the brief lull in the rainstorm to run outside and fix the roof.
luminary,An inspiring person who is an expert or leader in a particular field.,"As a luminary in physics, the Nobel Prize winner gave an inspiring speech to young scientists."
maelstrom,"A powerful, dangerous whirlpool; a situation of confused turmoil.",The small fishing boat was caught in a terrifying maelstrom near the rocky shore.
makeshift,"Serving as a temporary, crude substitute.","During the power outage, we used candles stuck in jars as a makeshift light source."
malady,"A disease, illness, or deep-seated problem.",Doctors worked around the clock to identify the mysterious malady affecting the village.
malcontent,"A dissatisfied, rebellious person who complains about authority.",The workplace malcontent spent his entire day complaining about management's new rules.
malediction,A curse or magical phrase intended to bring evil.,"In the fairytale, the angry witch shouted a terrifying malediction at the young prince."
malfeasance,"Wrongdoing or misconduct, especially by a public official.",The governor was removed from office after being convicted of financial malfeasance.
malingerer,Someone who pretends to be ill to avoid work or duty.,The boss suspected he was a malingerer when he called in sick every single Friday.
malodorous,Smelling extremely unpleasant or foul.,The malodorous trash bag left in the sun smelled terrible within a few hours.
mannered,"Artificial, pretentious, or exaggerated in style or behavior.",Her mannered way of speaking sounded completely fake and forced.
manumit,To release or set free from slavery or bondage.,The plantation owner chose to manumit his enslaved workers in his last will and testament.
mar,"To damage, spoil, or ruin the appearance or quality of.",A deep scratch was enough to mar the beautiful polished finish of the wooden table.
mediate,To intervene between conflicting parties to help bring about agreement.,A neutral counselor stepped in to mediate the dispute between the two neighbors.
meretricious,Apparently attractive but having no real value or integrity; cheap and tawdry.,The cheap plastic souvenir had a meretricious shine that quickly faded.
mesmerize,To hold the complete attention of someone; entrance or hypnotize.,The dancer's graceful movements managed to mesmerize the entire audience.
meteoric,"Rapid, sudden, and spectacular (referring to growth or success).",The young actor experienced a meteoric rise to fame after starring in a major hit movie.
mettle,"Courage, spirit, and fortitude in facing difficulties.",Running a marathon in freezing rain really tested the mettle of every athlete.
militate,To serve as a powerful force or factor operating against something.,Heavy rain and high winds will militate against our plans for an outdoor wedding.
mirth,"Joy, amusement, and high-spirited laughter.",The room was filled with warmth and mirth as the family celebrated the holiday.
miser,A stingy person who hoards money and spends as little as possible.,"The wealthy miser lived in a tiny, unheated apartment to save every penny."
miserly,"Stingy, mean, and reluctant to spend money.","He gave a miserly tip to the hard-working server, leaving only a few cents."
misnomer,An inaccurate or inappropriate name or term.,"Calling the giant dog ""Tiny"" turned out to be a funny misnomer."
missive,A written message; a formal or official letter.,The ambassador delivered an urgent missive directly to the foreign minister.
mite,"A very small creature, object, or tiny amount of money.",She donated a tiny mite of her weekly allowance to help the local animal shelter.
modish,Stylish and fashionable according to current trends.,She wore a modish jacket that looked like it belonged on a fashion runway.
monotony,Dull sameness and lack of variety or interest.,Listening to music helped break up the monotony of his long daily drive to work.
moratorium,A temporary prohibition or suspension of an activity.,The city placed a moratorium on new building permits until road repairs were finished.
morbid,Characterized by an unhealthy interest in disturbing subjects like death.,He had a morbid fascination with haunted houses and old horror stories.
nefarious,"Wicked, evil, or criminal.",The movie villain hatched a nefarious scheme to take control of the city's power grid.
negate,"To nullify, invalidate, or make ineffective.",Forgetting one crucial step in the recipe can completely negate all your hard work.