word,list_count
abandon,1
abase,6
abash,4
abate,8
abbess,1
abbey,1
abbot,1
abbreviate,3
abdicate,5
abdomen,1
abdominal,1
abduction,1
abed,1
aberrant,11
aberration,5
abet,6
abeyance,9
abhor,5
abhorrence,1
abhorrent,1
abidance,1
abide,3
abiding,1
abject,6
abjure,11
able-bodied,1
ablution,3
abnegate,3
abnegation,2
abnormal,1
abode,2
abolish,2
abominable,3
abominate,4
abomination,1
aboriginal,3
aborigines,1
abortive,2
abound,2
aboveboard,3
abrade,3
abrasion,1
abrasive,3
abreast,2
abridge,5
abridgment,1
abrogate,7
abrupt,1
abscess,1
abscission,5
abscond,9
absence,1
absent-minded,1
absolute,3
absolution,1
absolve,4
absorb,1
absorption,1
abstain,10
abstemioius,1
abstemious,6
abstinence,3
abstract,4
abstruse,8
absurd,2
abundant,2
abuse,1
abusive,3
abut,5
abysmal,7
abyss,4
academic,3
academician,1
academy,1
accede,6
accelerate,4
accentuate,2
accept,1
access,2
accessible,5
accession,1
accessory,4
accidental,1
acclaim,4
acclimate,3
acclivity,2
accolade,5
accommodate,4
accompaniment,1
accompanist,1
accompany,1
accomplice,3
accomplish,1
accord,3
accordion,1
accost,4
account,1
accouter,1
accoutre,2
accredit,1
accrete,1
accretion,4
accrue,2
accumulate,2
accuracy,1
accurate,1
accursed,1
accusation,1
accusatory,1
accuse,1
accustom,1
acephalous,1
acerbic,5
acerbity,3
acetate,1
acetic,3
ache,1
achillean,1
achromatic,1
acid,1
acidify,1
acidulous,4
acknowledge,3
acknowledgment,1
acme,9
acne,2
acolyte,1
acoustic,1
acoustics,2
acquaint,1
acquiesce,7
acquiescence,2
acquiescent,1
acquire,1
acquisition,2
acquisitive,1
acquit,1
acquittal,3
acquittance,1
acre,1
acreage,1
acrid,5
acrimonious,5
acrimony,3
acrophobia,2
actionable,1
activism,1
actuality,1
actuarial,2
actuary,3
actuate,4
acuity,2
acumen,8
acute,4
ad-lib,1
adage,3
adamant,6
adapt,3
addendum,4
addict,1
addiction,2
addle,3
address,2
adduce,2
adept,3
adequate,1
adhere,5
adherence,1
adherent,4
adhesion,1
adieu,1
adipose,1
adjacency,1
adjacent,3
adjoin,2
adjourn,3
adjudge,1
adjudicate,2
adjunct,4
adjuration,3
adjure,2
adjutant,3
administrator,1
admissible,1
admittance,1
admonish,12
admonition,2
admonitory,2
ado,1
adoration,1
adore,3
adorn,2
adroit,5
adulate,1
adulation,3
adulterant,1
adulterate,10
adulterated,1
adumbrate,3
adumbration,1
advent,3
adventitious,4
adversary,3
adverse,6
adversity,4
advert,5
advertise,1
advertiser,1
advisory,1
advocacy,3
advocate,11
aegis,2
aeon,1
aerial,1
aerie,4
aeronaut,1
aerostat,1
aerostatics,1
aery,1
aesthete,2
aesthetic,11
affable,10
affect,1
affectation,5
affected,3
affection,1
afferent,1
affidavit,3
affiliate,1
affiliation,2
affinity,4
affirmation,2
affirmative,1
affix,1
afflatus,1
afflict,1
affliction,2
affluence,3
affluent,3
afford,2
affray,1
affront,4
afoot,1
aforesaid,1
afresh,1
afterlife,2
afterthought,1
agape,2
agenda,3
agglomerate,1
agglomeration,2
aggrandize,8
aggravate,3
aggravation,1
aggregate,7
aggress,1
aggression,1
aggressive,1
aggrieve,3
aghast,5
agile,1
agility,2
agitate,5
agitation,1
agnostic,2
agog,3
agonize,1
agrarian,4
agronomist,1
aide,1
aide-de-camp,1
ailment,1
airtight,1
airy,3
akin,1
alabaster,1
alacrity,12
albeit,2
albino,2
albite,1
album,1
alchemy,6
alcohol,1
alcoholism,1
alcove,4
alder,1
alderman,1
aldermanship,1
alias,3
alibi,1
alien,1
alienable,1
alienate,6
alienation,1
align,1
aliment,1
alimentary,2
alimony,2
alkali,1
allay,5
allege,5
allegiance,3
allegory,3
alleviate,8
alley,1
alliance,1
alliterate,1
alliteration,2
allocate,2
allot,1
allotment,1
alloy,2
allude,4
allure,3
allusion,3
allusive,1
alluvial,2
alluvion,1
ally,2
almanac,1
alms,2
aloft,3
aloof,6
alphabetical,1
altar,1
alter,1
alteration,1
altercate,1
altercation,2
alternate,1
alternative,1
altitude,1
alto,1
altruism,5
altruist,1
altruistic,3
amalgam,5
amalgamate,10
amalgamation,1
amass,2
amateur,1
amatory,1
amazon,2
ambidextrous,3
ambience,3
ambiguous,10
ambitious,1
ambivalence,3
ambivalent,5
amble,3
ambrosia,3
ambrosial,2
ambulance,1
ambulatory,2
ambush,3
ameliorate,11
amenable,12
amend,3
amenities,2
amenity,1
americanism,1
amiable,7
amicable,6
amiss,2
amity,4
amnesia,2
amnesty,2
amok,2
amoral,1
amorally,1
amorous,4
amorphous,9
amortization,1
amortize,3
amour,1
ampere,1
ampersand,1
amphibian,2
amphibious,1
amphitheater,3
ample,2
amplify,2
amplitude,1
amply,3
amputate,3
amuck,3
amulet,4
amusement,1
anachronism,8
anachronistic,3
anagram,1
analgesia,3
analgesic,4
analogous,9
analogy,3
analyst,1
analyze,1
anarchist,3
anarchy,6
anathema,6
anatomy,1
ancestry,3
anchor,2
ancillary,4
andiron,1
androgynous,1
anecdote,4
anemia,3
anemic,4
anemometer,1
anesthetic,5
anew,1
angelic,1
anglo-saxon,1
anglophobia,1
anguish,2
angular,3
anhydrous,1
animadversion,3
animadvert,1
animalcule,1
animate,2
animated,2
animosity,7
animus,5
annalist,1
annals,4
anneal,2
annex,3
annihilate,3
annotate,3
annoy,1
annual,1
annuity,3
annul,4
annunciation,1
anode,1
anodyne,7
anoint,5
anointment,1
anomalous,9
anomaly,7
anonymity,2
anonymous,3
antagonism,3
antagonize,3
antarctic,1
ante,1
antecede,3
antecedent,3
antecedents,1
antechamber,1
antedate,4
antedated,1
antediluvian,4
antemeridian,1
antemundane,1
antenatal,1
anterior,2
anteroom,1
anthem,2
anthology,5
anthracite,1
anthropocentrism,1
anthropoid,2
anthropologist,2
anthropology,1
anthropomorphic,3
anthropomorphous,1
antic,4
antichrist,1
anticlimax,3
anticyclone,1
antidote,4
antilogy,1
antipathize,1
antipathy,10
antiphon,1
antiphony,1
antipodes,1
antiquary,1
antiquate,1
antiquated,4
antique,3
antiquity,2
antiseptic,3
antislavery,1
antispasmodic,1
antistrophe,1
antithesis,4
antithetical,4
antitoxin,1
antler,2
antonym,1
anvil,2
anxious,1
apathetic,3
apathy,11
ape,2
aperture,3
apex,5
aphasia,2
aphorism,7
aphoristic,2
apiarist,2
apiary,3
apiculture,2
aplomb,4
apocalyptic,3
apocryphal,8
apogee,6
apolitical,2
apologist,4
apologue,1
apology,1
apophasis,1
apophthegm,1
apoplectic,1
apoplexy,2
apostasy,2
apostate,8
apostle,2
apostrophe,1
apothecary,4
apothegm,3
apothegm(apophthegm),1
apotheosis,6
appall,4
apparel,1
apparent,4
apparition,3
appeal,2
appealing,1
appease,9
appellate,1
appellation,4
append,4
appertain,1
applause,1
application,2
appoint,1
apposite,6
apposition,1
appraise,3
appreciable,4
appreciate,2
apprehend,3
apprehensible,1
apprehension,4
apprehensive,2
apprise,7
approach,1
approbation,9
approbatory,2
appropriate,8
appurtenance,2
appurtenances,1
appurtenant,2
apron,1
apropos,5
apt,3
aptitude,2
aquatic,1
aqueduct,1
aqueous,1
aquiline,3
arable,2
arbiter,4
arbitrary,9
arbitrate,4
arbor,2
arboreal,4
arborescent,1
arboretum,3
arboriculture,1
arcade,2
arcane,8
arch,4
archaeology,3
archaic,10
archaism,1
archangel,1
archbishop,1
archdeacon,1
archetype,7
archipelago,4
archive,1
archives,2
ardent,4
ardor,6
arduous,10
argot,3
aria,3
arid,3
aristocracy,2
aristocrat,1
armada,4
armful,1
armory,1
aroma,1
aromatic,2
arraign,3
arrange,1
arrangement,1
arrant,4
array,2
arrear,1
arrears,2
arrest,2
arresting,2
arrhythmic,3
arrival,1
arriviste,2
arrogance,3
arrogant,1
arrogate,7
arroyo,2
arsenal,2
artery,2
artful,5
arthurian,1
articulate,7
artifact,2
artifacts,2
artifice,5
artisan,2
artless,9
artlessness,2
ascendancy,5
ascendant,2
ascension,1
ascent,1
ascertain,6
ascetic,11
asceticism,1
ascribe,7
aseptic,3
asexual,1
ashen,3
asinine,2
askance,6
askew,3
aspect,1
asperity,8
aspersion,5
aspersions,1
aspirant,4
aspiration,2
aspire,3
assail,8
assailant,1
assassin,1
assassinate,1
assassination,1
assay,4
assent,5
assert,4
assertive,2
assess,2
assessor,1
asseverate,1
assiduous,8
assiduously,2
assignee,1
assimilate,4
assonance,1
assonant,1
assonate,1
assuage,11
assumption,2
assurance,2
asteroid,2
astigmatism,2
astonishment,1
astounding,1
astral,2
astringent,6
astrology,1
astronomical,2
astute,6
asunder,4
asylum,3
asymmetric,2
asymmetrical,1
atavism,5
atelier,1
atheism,1
atheistic,2
athirst,1
athwart,2
atomizer,1
atone,4
atonement,1
atrocious,2
atrocity,3
atrophy,2
attache,1
attentive,2
attenuate,9
attest,3
attire,2
attitude,1
attorney-general,1
attribute,3
attrition,2
attuned,1
atypical,2
auburn,1
audacious,13
audacity,3
audible,1
audit,2
audition,2
auditory,1
augment,9
augur,2
augury,5
august,6
aural,1
aureole,2
auricle,1
auricular,1
auriferous,1
aurora,1
auroral,2
auscultation,1
auspice,1
auspices,1
auspicious,6
austere,12
austerity,1
autarchy,1
authentic,2
authenticate,2
authenticity,1
authoritarian,3
authoritative,2
authority,1
autobiography,1
autocracy,2
autocrat,2
autocratic,4
automate,1
automaton,3
autonomous,4
autonomously,2
autonomy,3
autopsy,3
autumnal,1
auxiliary,4
avalanche,3
avant-garde,1
avantgarde,1
avarice,10
avaricious,4
avatar,1
avenge,2
aver,9
averse,3
aversion,7
avert,5
aviary,3
avid,7
avidity,1
avocation,4
avouch,1
avow,4
avulse,1
avuncular,3
awaken,1
awash,1
awe,3
awful,2
awkward,1
awl,3
awning,1
awry,3
axiom,5
axiomatic,2
aye,1
azalea,1
azure,3
babble,3
bacchanal,2
bacchanalia,2
bacchanalian,2
backhanded,1
backslide,2
backwards,1
baconian,1
bacteria,1
bacterium,1
badge,1
badger,6
badinage,4
baffle,3
bailiff,1
bait,3
baize,1
bale,2
baleful,7
balk,6
balky,1
ballad,2
ballast,3
ballet,1
balloon,2
balm,3
balmy,2
balsam,1
banal,12
banality,2
bandanna,1
bandy,3
bane,5
baneful,1
banish,4
banister,1
bank,2
banter,2
bantering,2
bar,2
barb,3
barbarous,1
barcarole,1
bard,2
barefaced,3
bargain,3
baritone,1
barograph,1
barometer,1
baroque,4
barrage,4
barren,2
barricade,1
barring,1
barrister,2
barter,1
barterer,2
base,6
baseboard,1
bask,3
bass,1
bassoon,1
bastard,2
bastardization,2
baste,1
bastion,2
batch,1
bate,3
bathetic,1
baton,1
battalion,3
batten,2
batter,1
bauble,4
bawdy,4
bawl,1
baying,1
bearing,2
beatific,5
beatify,1
beatitude,3
beau,1
becalm,1
beck,1
becoming,2
bedaub,1
bedeck,2
bedizen,2
bedlam,2
bedraggle,2
beeline,2
befog,1
befriend,1
befuddle,2
befuddled,1
beg,2
beget,3
begrudge,5
beguile,4
behemoth,2
beholden,2
behoove,2
behoove(behove),1
behooves,1
behove,1
belabor,4
belate,1
belated,2
belay,1
beleaguer,5
belfry,1
belie,12
believe,1
belittle,5
belle,1
bellicose,6
belligerent,7
bellwether,1
bemoan,4
bemuse,1
bemused,3
benediction,3
benefactor,3
benefice,1
beneficent,7
beneficial,3
beneficiary,3
benefit,3
benevolence,1
benevolent,5
benighted,4
benign,10
benignant,1
benignity,2
benison,3
bent,5
bequeath,4
berate,4
bereave,2
bereaved,2
bereavement,2
bereft,5
berserk,2
berth,1
beseech,5
beset,3
besiege,6
besmear,1
besmirch,5
besotted,2
bestial,3
bestow,3
bestrew,1
bestride,1
bete noire,1
bethink,1
betide,1
betimes,1
betoken,3
betray,6
betroth,3
betrothal,1
betrothed,1
bevel,1
bevy,4
beware,2
bewilder,1
bewitch,2
biased,1
bibliography,2
bibliomania,1
bibliophile,1
bibulous,1
bicameral,2
bicker,2
bid,2
bide,1
biennial,3
bier,1
bifurcate,3
bifurcated,2
bigamist,1
bigamy,1
bight,1
bigot,3
bigotry,2
bilateral,1
bilingual,1
bilious,5
bilk,4
billingsgate,1
billow,2
billowing,2
bimester,1
biograph,1
biography,1
biology,1
biped,1
birthright,1
bisque,1
biting,2
bitter,2
bitterness,1
bivouac,2
bizarre,2
blackball,2
blanch,3
bland,4
blandishment,3
blare,2
blase,3
blaspheme,1
blasphemous,1
blasphemy,2
blast,1
blasé,1
blatant,7
blaze,1
blazon,3
bleak,5
blemish,4
blight,5
blighted,3
blinkered,2
bliss,3
blithe,7
blithesome,2
bloat,1
bloated,1
blockade,1
blotch,2
blowhard,2
bludgeon,2
blue,2
blueprint,1
blues,2
bluff,2
blunder,3
blunt,3
blur,1
blurb,1
blurt,3
blush,2
bluster,4
boast,1
boatswain,1
bode,2
bodice,1
bodily,1
bodyguard,1
bog,2
boggle,1
bogus,4
bohemian,2
boisterous,6
bole,1
bolero,1
boll,1
bolster,11
bolt,3
bomb,1
bombard,1
bombardier,1
bombardment,2
bombast,6
bombastic,6
bonhomie,3
boo,1
bookish,2
boon,6
boor,5
boorish,7
boost,2
bootless,2
bore,2
borough,1
bosom,1
botanical,1
botanize,1
botany,1
botch,2
bouillon,3
bound,3
bountiful,3
bouquet,1
bourgeois,2
bout,2
bovine,2
bowdlerize,5
bowler,1
boycott,2
bracing,1
bracket,1
brackish,2
brae,1
brag,2
braggadocio,2
braggart,3
braid,3
brake,1
brand,2
brandish,4
brash,1
brassy,1
brattish,1
bravado,5
brave,2
bravo,1
bravura,1
brawl,2
brawn,3
brawny,2
bray,1
braze,1
brazen,8
brazier,2
breach,4
breadth,2
breaker,1
breech,1
breed,2
breezeway,1
breviary,1
brevity,5
bribe,1
bric-a-brac,1
bridle,7
brigade,1
brigadier,1
brigand,1
brim,2
brimstone,1
brindled,2
brine,1
brink,2
brisk,3
bristle,6
bristling,1
britannia,1
briticism,1
brittle,4
broach,5
broadcast,1
broadside,2
brocade,2
brochure,2
brogan,1
brogue,1
broil,2
brokerage,1
bromide,6
bromine,1
bronchitis,1
bronchus,1
brooch,4
brood,2
brook,8
brotherhood,1
browbeat,6
browse,2
bruise,2
bruit,1
brunt,2
brusque,3
brusquely,2
buccaneer,2
buck,3
bucolic,9
budge,1
buff,1
buffer,1
buffet,2
buffoon,4
buffoonery,3
bugaboo,2
bulbous,1
bulge,3
bulk,2
bullion,3
bullock,1
bully,3
bulrush,1
bulwark,4
bumbling,2
bump,2
bumper,1
bumptious,3
bungle,4
buoy,1
buoyancy,1
buoyant,5
bureau,1
bureaucracy,4
burgeon,12
burgess,1
burgher,1
burlesque,3
burnish,10
bursar,1
buskin,1
bust,2
bustle,1
butt,1
butte,1
butter,1
buttress,9
buxom,3
by-law,1
bygone,1
byline,1
byzantine,5
cabal,5
cabalism,1
cabinet,1
cache,3
cacophonous,4
cacophony,5
cadaver,2
cadaverous,6
cadence,3
cadenza,1
cadet,2
cadge,1
caitiff,1
cajole,7
cajolery,1
calamity,2
calcify,1
calculable,1
calculated,2
calculus,1
caldron,1
caldron(cauldron),1
caliber,2
calibrate,1
calk,1
calligraphy,3
callosity,1
callous,6
callow,7
callus,3
calorie,2
calorific,2
calumniate,2
calumny,9
calvary,1
calvinism,1
calvinize,1
camaraderie,3
came,1
cameo,5
camouflage,1
camp,2
campaign,2
canaanite,1
canard,7
canary,1
candid,7
candidness,2
candor,5
canine,3
canker,2
canny,3
canon,5
canonical,2
canonize,2
canopy,1
cant,4
cantankerous,3
cantata,3
canter,2
canto,4
cantonment,1
canvas,1
canvass,3
canyon,1
capacious,3
capacity,4
caparison,1
capillary,3
capitulate,8
caprice,5
capricious,11
capsize,2
caption,3
captious,5
captivate,1
carafe,2
carapace,2
carat,2
carcass,1
carcinogenic,2
cardiac,1
cardinal,9
cardiologist,2
careen,3
career,2
carefree,2
caret,2
careworn,1
caricature,5
carillon,2
carmine,1
carnage,3
carnal,4
carnivorous,3
carousal,2
carouse,3
carp,1
carping,4
carrion,4
carte blanche,1
cartilage,1
cartographer,4
cartography,1
cartridge,1
carve,1
caryatid,1
cascade,2
cast,1
caste,3
castigate,9
castigation,4
castrate,2
casual,3
casualty,3
casuistry,1
cat-o-nine-tails,1
cataclysm,6
cataclysmic,1
catalyst,8
catalyze,1
catapult,2
cataract,3
catastrophe,4
catcall,2
catechism,2
categorical,4
cater,2
catharsis,2
cathartic,4
cathode,1
catholic,7
catholicism,1
catholicity,1
caucus,4
cauldron,1
caulk,2
causal,3
caustic,10
cauterize,3
cavalcade,2
cavalier,8
caveat,1
cavern,1
cavil,3
cavort,1
cease,1
cede,7
celerity,4
celestial,2
celibate,2
cement,1
cemetery,2
censor,6
censorious,4
censure,10
census,2
centaur,2
centenary,1
centigrade,2
centiliter,1
centimeter,1
centrifugal,2
centrifuge,3
centripetal,2
centurion,3
cereal,1
cerebral,6
cerebration,2
ceremonial,1
ceremonious,3
certitude,2
cessation,4
cession,3
cetera,1
chafe,2
chaff,4
chaffing,1
chafing,1
chagrin,8
chalice,2
chamber,1
chameleon,4
champ,1
champion,5
championship,2
chancellor,2
chancery,1
chant,2
chaos,2
chaotic,2
chapel,2
chaperon,2
chaplain,2
char,2
characteristic,1
characterize,1
charade,1
charisma,2
charlatan,7
charm,2
chary,8
chase,3
chasm,4
chassis,2
chaste,2
chasten,3
chastise,7
chastity,1
chateau,1
chattel,2
chauvinism,3
chauvinist,6
chauvinistic,2
check,6
checkered,4
checkered(chequered),1
chef,1
chequered,1
cherish,1
cherubic,3
chevron,1
chiaroscuro,1
chicanery,8
chide,4
chiffon,1
chimera,2
chimerical,2
chip,2
chiromancy,1
chiropodist,1
chisel,2
chivalrous,5
chivalry,1
choice,2
choir,3
cholera,1
choleric,7
choral,1
chord,1
chore,2
choreography,3
chortle,4
chorus,3
christ,1
christen,1
christendom,1
chromatic,2
chronic,3
chronicle,2
chronological,2
chronology,1
chronometer,1
chuckle,3
churl,1
churlish,6
ciliated,2
cineast,1
cipher,4
circlet,2
circuit,2
circuitous,3
circular,1
circulate,1
circumference,2
circumlocution,5
circumnavigate,1
circumscribe,8
circumscribed,1
circumspect,9
circumstances,1
circumvent,6
cistern,3
citadel,3
cite,4
civil,2
civility,1
clad,1
claim,1
claimant,1
clairvoyance,1
clairvoyant,2
clamber,3
clamor,3
clamorous,2
clan,1
clandestine,7
clangor,4
clap,2
clapper,2
clarify,1
clarion,5
clarity,1
clasp,3
classify,1
claustrophobia,2
clavicle,2
clearance,1
cleave,3
cleft,3
clemency,5
clement,2
clich\'e,1
cliche,2
clientele,2
climactic,2
clime,2
clinch,1
clip,2
clipper,2
clique,3
cloak,1
clog,1
cloister,2
close-hauled,1
clot,3
clothier,1
cloture,1
cloudburst,1
clout,3
clown,2
cloying,5
clumsy,2
coadjutor,1
coagulant,2
coagulate,5
coalesce,10
coalescence,1
coalition,3
coast,1
coax,4
cockade,1
coda,5
coddle,4
codicil,4
codify,2
coerce,3
coercion,4
coercive,2
coeval,3
coffer,2
cog,2
cogent,13
cogitate,3
cognate,4
cognitive,2
cognizance,2
cognizant,3
cognomen,1
cohabit,2
cohere,4
cohesion,3
cohesive,3
cohort,2
cohorts,1
coiffure,3
coin,3
coincide,1
coincidence,3
coincident,2
colander,3
collaborate,4
collage,2
collapse,2
collapsible,1
collate,2
collateral,2
collation,3
colleague,1
collected,2
collective,1
collector,1
collegian,1
collide,1
collier,2
collision,1
colloquial,3
colloquialism,1
colloquy,3
collude,3
collusion,6
colonnade,1
color,1
colossal,5
colossus,3
coltish,1
coma,3
comatose,2
combustible,3
comeback,2
comely,4
comestible,3
comeuppance,2
comical,1
comity,4
commandeer,2
commemorate,3
commemorative,2
commence,1
commencement,1
commend,1
commendable,2
commensurate,9
commentary,1
commercial,1
commingle,2
commiserate,4
commissariat,1
commission,2
commit,1
commitment,2
committal,1
committed,1
commodious,3
commodity,1
commonplace,2
commonsensical,1
commonwealth,2
commotion,2
communal,2
commune,2
commute,1
compact,2
comparable,1
comparative,1
comparison,1
compartment,2
compassion,2
compatible,2
compel,1
compelling,5
compendium,5
compensate,1
compensated,1
compensatory,1
competence,1
competent,2
competitive,1
competitor,1
compilation,2
compile,2
complacence,1
complacency,3
complacent,6
complaisance,4
complaisant,7
complement,4
complementary,6
complex,1
compliance,2
compliant,7
complicate,1
complication,1
complicit,2
complicity,3
compliment,2
comply,2
component,3
comport,4
composed,1
compost,2
composure,3
compound,5
comprehend,2
comprehensible,1
comprehension,1
comprehensive,5
compress,4
compressible,1
compression,1
comprise,3
compromise,4
compulsion,3
compulsive,2
compulsory,3
compunction,4
compute,3
concatenate,3
concave,3
conceal,1
concede,7
conceit,4
conceive,1
concentrate,1
concentric,2
concept,1
conception,2
concern,1
concerted,3
concerto,1
concession,3
conch,1
conciliate,6
conciliatory,7
concise,3
conclave,2
conclusive,4
concoct,2
concomitant,6
concord,4
concordance,1
concordat,2
concur,5
concurrence,1
concurrent,3
concussion,1
condemn,1
condensation,1
condense,1
condescend,3
condescending,1
condign,3
condiment,1
condiments,1
condole,3
condolence,2
condone,8
conduce,1
conducive,7
conduct,1
conductible,1
conductor,1
conduit,3
confectionery,1
confederacy,1
confederate,1
confer,3
conferee,1
confessor,1
confidant,3
confidante,1
confide,3
confidence,3
confident,2
confidential,2
confine,3
confinement,1
confiscate,3
conflagaration,1
conflagration,6
conflate,2
confluence,5
confluent,1
conformable,1
conformance,1
conformation,1
conformist,2
conformity,3
confound,9
confront,2
congeal,5
congenial,6
congenital,2
congest,1
conglomerate,2
conglomeration,2
congregate,1
congruence,2
congruent,3
conifer,2
coniferous,1
conjectural,1
conjecture,4
conjoin,1
conjugal,4
conjugate,1
conjugation,1
conjunction,1
conjure,3
connivance,2
connive,2
conniving,2
connoisseur,9
connotation,3
connote,2
connubial,3
conquer,1
consanguine,1
consanguineous,3
consanguinity,2
conscience,1
conscientious,5
conscious,1
conscript,3
consecrate,6
consecutive,1
consensus,5
consequence,1
consequential,3
conservatism,1
conservative,2
conservatoire,1
conservatory,5
conserve,1
consider,1
considerable,1
consign,3
consignee,1
consignor,1
consistency,3
console,5
consolidate,3
consolidation,2
consonance,3
consonant,4
consort,3
conspicuous,9
conspiracy,3
conspirator,1
conspire,5
constable,1
constant,1
constellation,1
consternation,4
constituency,4
constituent,5
constitute,2
constitution,2
constrain,1
constrained,1
constraint,4
constrict,2
constringe,1
construct,1
construe,8
consul,1
consulate,1
consummate,7
consumption,1
consumptive,1
contagion,3
contagious,2
contaminate,4
contemn,1
contemplate,1
contemporaneous,1
contemporary,1
contempt,4
contemptible,1
contemptuous,4
contend,6
contender,1
content,1
contention,3
contentious,10
contest,2
context,2
contextualize,1
contiguity,1
contiguous,5
continence,3
contingency,1
contingent,5
continuance,1
continuation,1
continuity,1
continuous,1
contort,2
contortion,1
contortions,1
contraband,3
contract,2
contradiction,1
contradictory,1
contraposition,1
contraries,1
contravene,5
contretemps,1
contribution,1
contributor,1
contrite,12
contrition,2
contrivance,3
contrive,6
contrived,3
control,1
controller,1
controvert,2
contumacious,6
contumacy,1
contumely,1
contuse,1
contusion,4
conundrum,7
convalesce,3
convalescence,1
convalescent,2
convene,3
convenience,2
convention,5
conventional,3
converge,6
convergent,2
conversant,5
converse,2
conversely,1
conversion,2
convert,3
convertible,1
convex,4
convey,1
conveyance,3
conviction,4
convince,1
convivial,6
convoke,4
convoluted,10
convolution,1
convolve,1
convoy,1
convulse,1
convulsion,4
coop,1
copious,10
coquette,4
cord,1
cordial,3
cordon,3
cormorant,1
cornice,3
cornucopia,6
corollary,5
corona,1
coronation,2
coroner,2
coronet,1
corporal,1
corporate,1
corporeal,5
corps,1
corpse,1
corpulent,5
corpus,2
corpuscle,3
correlate,4
correlation,2
correlative,1
corrigible,1
corroborate,10
corroboration,1
corrode,3
corrosion,2
corrosive,4
corrugated,3
corruptible,1
corruption,1
corsair,1
cortege,1
coruscate,1
cosmetic,1
cosmic,3
cosmogony,1
cosmography,1
cosmology,1
cosmopolitan,7
cosmopolitanism,1
cosmos,1
cosset,3
cosseted,2
coterie,4
coterminous,2
countenance,5
counter-claim,1
counteract,1
counterbalance,1
countercharge,1
counterfeit,2
counterintuitive,1
countermand,6
counterpart,3
counterpoint,1
counterproductive,1
countervail,1
counting-house,1
countryman,1
coup,2
couple,2
courageous,1
courier,2
course,1
courser,1
court,4
courtesy,1
coven,1
covenant,3
covert,7
covet,4
covetous,3
covey,1
cow,5
cowardice,1
cower,6
coxswain,1
coy,4
cozen,4
crabbed,3
craft,3
crafty,1
crag,1
cramped,1
cranium,1
crass,4
crave,3
craven,11
craving,1
creak,1
creamery,1
creamy,1
crease,1
credence,8
credential,2
credibility,1
credible,3
creditable,2
credo,3
credulity,4
credulous,6
creed,3
creek,1
creep,3
cremate,2
crematory,1
crepuscular,1
crescendo,6
crest,3
crestfallen,6
crevasse,1
crevice,4
crew,1
cringe,2
crinkle,2
criteria,1
criterion,2
critique,1
crochet,2
crockery,1
crone,3
cronyism,1
crook,1
croon,2
cross,2
crossbreed,2
crotchety,2
crouch,1
crucial,1
crucible,1
cruet,1
crumple,1
crusade,1
crust,2
crustacean,1
crustaceous,1
crutch,1
crux,3
crypt,2
cryptic,6
cryptogram,1
crystallize,3
cubicle,2
cudgel,1
cue,2
cuisine,3
cul de sac,1
culinary,3
cull,3
culminate,3
culmination,2
culpability,2
culpable,6
culprit,3
cultivate,1
cultured,1
culvert,3
cumbersome,7
cumulative,2
cunning,5
cupidity,8
curable,1
curator,4
curb,3
curfew,2
curio,1
curmudgeon,9
curriculum,1
curry,1
cursive,3
cursory,7
curt,2
curtail,5
curtsy,1
cycloid,1
cygnet,1
cynic,2
cynical,6
cynicism,2
cynosure,3
dabble,3
daft,1
daguerreotype,1
dainty,2
dais,4
dalliance,1
dally,3
damn,2
damp,1
damper,1
dandy,1
dank,3
dapper,4
dappled,3
daredevil,1
daring,1
darkling,1
dart,3
darwinism,1
dastard,2
datum,1
daub,2
daunt,6
daunting,2
dauntless,3
dawdle,4
day-man,1
days,1
daze,2
dazzle,2
dead-heat,1
deadlock,2
deadpan,3
dearth,10
deaths-head,1
debacle,5
debar,2
debark,1
debase,8
debased,1
debatable,1
debauch,2
debauchery,1
debenture,1
debilitate,3
debilitating,1
debonair,5
debris,3
debunk,8
debut,4
debutante,3
decadence,3
decadent,2
decagon,1
decagram,1
decaliter,1
decalogue,1
decameron,1
decameter,1
decamp,1
decant,3
decapitate,3
decapod,1
decasyllable,1
deceit,1
deceitful,1
deceive,1
decelerate,2
decency,1
decent,1
decibel,2
deciduous,3
decimal,1
decimate,4
decimation,2
decipher,5
decisive,1
declaim,1
declamation,1
declamatory,1
declarative,1
declivity,5
decode,1
decollete,2
decomposition,2
decorous,5
decorum,10
decourous,1
decoy,3
decree,3
decrepit,4
decrepitude,2
decry,5
dedication,1
deduce,2
deducible,2
deem,1
deface,4
defalcate,3
defamation,2
defame,3
default,5
defeatist,2
defect,2
defection,2
defendant,1
defensible,1
defensive,1
defer,5
deference,10
deferential,2
defiance,2
defiant,1
deficiency,2
deficient,1
defile,3
definite,1
definitive,2
deflect,6
defoliant,1
defoliate,2
deforest,2
deform,1
deformity,1
defraud,1
defray,6
defrock,2
deft,5
deftness,1
defunct,2
defuse,1
defy,1
degeneracy,1
degenerate,3
degradation,3
degrade,3
degraded,1
dehydrate,4
deify,6
deign,7
deist,1
deity,1
deject,3
dejection,1
delectable,1
delectation,1
delegate,2
delete,2
deleterious,10
deliberate,6
delicacy,3
delimit,1
delineate,10
delineation,1
deliquesce,1
deliquescent,1
delirious,1
delirium,3
delta,2
delude,3
deluge,4
delusion,5
delusive,2
delusory,1
delve,4
demagnetize,1
demagogue,6
demanding,1
demarcate,1
demean,4
demeanor,3
demented,3
demerit,3
demesne,1
demise,3
demobilize,1
demographic,2
demolish,1
demolition,3
demoniac,1
demoniac(demoniacal),1
demoniacal,1
demonstrable,2
demonstrate,2
demonstrative,3
demonstrator,1
demoralize,2
demotic,3
demur,9
demure,5
demurrage,1
dendroid,1
dendrology,1
denigrate,10
denizen,3
denominate,1
denomination,3
denominator,1
denotation,2
denote,4
denouement,7
denounce,6
dense,1
dent,1
dentifrice,1
denude,2
denunciation,1
depict,2
depilate,1
deplete,4
deplorable,1
deplore,4
deploy,3
deponent,1
depopulate,1
deport,3
deportation,1
deportment,2
depose,5
deposit,1
deposition,3
depositor,1
depository,1
deprave,2
depravity,4
deprecate,5
deprecatory,1
depreciate,4
depreciation,1
depredation,3
depress,1
depressant,1
depressed,1
depression,1
deprivation,1
depth,1
deputize,2
deracinate,1
deranged,2
derelict,8
dereliction,2
deride,12
derisible,1
derision,4
derisive,2
derivation,3
derivative,11
derive,3
derived,1
dermatologist,2
dermatology,1
derogative,2
derogatory,2
derrick,1
descant,1
descend,1
descendant,2
descendent,1
descent,1
descry,4
desecrate,5
deserts,2
desiccant,1
desiccate,8
desiccated,2
desideratum,3
designate,2
desist,1
desistance,1
desolate,2
despair,2
desperado,3
desperate,3
despicable,3
despise,3
despite,2
despoil,3
despoiler,1
despond,1
despondent,3
despot,6
despotic,2
despotism,2
dessert,1
destitute,6
desuetude,1
desultory,9
detach,1
detached,3
detachment,1
detain,3
detente,1
deter,4
detergent,1
deteriorate,1
deterioration,1
determinant,1
determinate,3
determination,3
deterrent,5
detest,1
detonation,2
detour,1
detoxification,1
detract,2
detraction,3
detriment,2
detrimental,4
detritus,1
detrude,1
deviance,1
deviate,4
deviation,1
device,1
devilry,1
deviltry,1
devious,3
devise,3
devoid,2
devolve,5
devoted,1
devotee,2
devout,4
dew,1
dexterity,1
dexterous,3
diabolic,3
diabolical,4
diacritical,1
diadem,3
diagnose,1
diagnosis,1
dialect,1
dialectic,1
dialectical,2
dialectician,1
dialogue,1
diaphanous,6
diatomic,1
diatribe,11
dichotomy,6
dictate,1
dictatorial,2
dictum,6
didactic,11
die,3
diehard,1
difference,1
differentia,1
differential,1
differentiate,3
diffidence,5
diffident,9
diffuse,6
diffusible,1
diffusion,2
digit,1
dignitary,3
digraph,1
digress,4
digression,3
digressive,1
dilapidate,1
dilapidated,6
dilapidation,1
dilate,5
dilatory,9
dilemma,3
dilettante,11
diligence,3
diligent,3
dilute,4
dimension,1
diminish,1
diminution,3
diminutive,3
dimly,1
din,5
dinghy,2
dingy,4
dint,3
diocesan,1
diorama,2
diphthong,1
diplomacy,1
diplomat,1
diplomatic,2
diplomatist,1
dipsomaniac,1
dire,3
dirge,8
disabuse,10
disaffected,6
disagree,1
disallow,1
disappear,1
disappoint,1
disapprobation,3
disapprove,1
disarm,2
disarrange,1
disarray,3
disavow,2
disavowal,3
disband,2
disbar,2
disbeliever,1
disburden,1
disburse,3
discard,1
discern,3
discernible,4
discerning,4
discharge,1
disciple,2
disciplinary,1
discipline,1
disclaim,3
disclose,2
discolor,1
discombobulate,1
discombobulated,2
discomfit,6
discomfiting,1
discomfort,1
discommode,1
discompose,3
disconcert,4
disconnect,1
disconsolate,4
discontinuance,1
discord,6
discordant,5
discount,3
discountenance,1
discourse,3
discover,1
discredit,6
discreet,6
discrepancy,8
discrepant,1
discrete,7
discretion,4
discretionary,2
discriminate,6
discriminating,4
discursive,7
discussion,1
disdain,5
disembark,3
disenfranchise,5
disengage,3
disentangle,1
disfavor,1
disfigure,3
disgorge,4
disgruntle,3
disguise,1
dishabille,2
dishearten,2
disheartened,2
disheveled,2
dishonest,1
dishonor,2
disillusion,2
disinclination,3
disinfect,2
disinfectant,1
disingenuous,9
disinherit,1
disinter,3
disinterest,1
disinterested,10
disjointed,4
disjunction,2
disjunctive,2
dislocate,1
dislodge,2
dismantle,3
dismay,1
dismember,2
dismiss,3
dismissal,1
dismount,1
disobedience,1
disobedient,1
disown,1
disparage,9
disparate,10
disparity,3
dispassionate,8
dispatch,7
dispel,3
dispensation,3
dispense,3
disperse,4
dispersed,1
dispersion,1
dispirited,2
displace,1
disport,3
dispose,1
disposition,2
dispossess,1
disproportion,2
disputation,1
disputatious,2
disqualify,1
disquiet,1
disquieting,1
disquietude,2
disquisition,3
disregard,3
disreputable,1
disrepute,1
disrobe,1
disrupt,1
dissatisfy,1
dissect,2
dissection,3
dissemble,11
dissembler,1
disseminate,11
dissension,4
dissent,6
dissentient,1
dissentious,1
dissertation,3
disservice,1
dissever,1
dissident,3
dissimilar,1
dissimulate,3
dissipate,6
dissipation,1
dissolute,3
dissolution,8
dissolve,2
dissonance,8
dissonant,1
dissuade,4
dissuasion,2
distaff,3
distain,1
distal,1
distant,2
distemper,1
distend,8
distensible,1
distention,1
distill,7
distillation,1
distiller,1
distinct,2
distinction,4
distinctive,2
distort,5
distortion,1
distract,3
distrain,1
distrainor,1
distrait,2
distraught,5
distressed,1
distrust,1
disunion,1
disyllable,1
dither,2
ditty,1
diurnal,6
diva,2
divagation,1
diverge,5
divergent,2
diverse,3
diversified,1
diversion,3
diversity,3
divert,3
divertible,1
divest,6
divestiture,1
divination,2
divine,4
divinity,1
divisible,1
divisor,1
divorced,1
divulge,7
divulgence,1
docile,6
docket,3
doctrinaire,5
doctrine,2
document,3
documentary,1
dodder,1
doddering,2
dodge,1
doe,1
doff,4
dog,2
dogged,5
doggerel,4
dogma,4
dogmatic,9
dogmatize,1
doldrums,3
doleful,3
dolesome,1
dolor,1
dolorous,6
dolt,3
domain,1
domesticity,1
domicile,4
dominance,1
dominant,3
dominate,3
domination,2
domineer,3
don,3
donate,1
donator,1
donee,1
donor,2
doodle,1
doom,2
dormant,6
dormer,3
dorsal,2
dossier,2
dotage,3
dote,3
doublet,1
doubly,1
doughty,2
dour,3
douse,3
dovetail,3
dowdy,3
downcast,2
downplay,1
downpour,1
dowry,3
dowse,2
doyen,1
doze,3
drab,2
drachma,1
draconian,4
draft,2
dragnet,1
dragoon,1
drainage,1
drama,2
dramatist,1
dramatize,1
drastic,3
draught,2
draw,2
drawl,1
dreary,1
dregs,3
drench,1
dribble,2
drip,2
drivel,3
drizzle,1
droll,6
drone,3
droop,2
dross,2
drought,1
drowsy,1
drudge,2
drudgery,4
dubious,7
duckling,1
ductile,4
duenna,1
duet,1
dulcet,4
dull,2
dullard,1
dumbfound,2
dummy,2
dun,1
dune,1
dupe,10
duplex,1
duplicitous,1
duplicity,7
durance,2
duration,3
duress,5
duteous,2
dutiable,1
dutiful,4
dwell,1
dwindle,4
dwindling,1
dynamic,2
dynamo,3
dyne,1
dys-,1
dysentery,2
dyslexia,3
dyspeptic,6
e.g.,1
eaglet,1
earmark,2
earn,2
earnest,4
earplug,1
earshot,1
earsplitting,1
earthenware,1
earthly,2
earthy,2
easel,1
eatable,1
eavesdrop,1
ebb,3
ebullience,1
ebullient,11
eccentric,10
eccentricity,3
ecclesiastic,2
echelon,2
eclat,2
eclectic,10
eclecticism,1
eclipse,6
ecliptic,2
ecologist,2
economical,2
economize,1
economy,3
ecosystem,2
ecstasy,4
ecstatic,1
ecumenical,1
eddy,3
edible,2
edict,4
edifice,4
edify,6
edifying,2
editorial,1
educe,2
eerie,2
efface,4
effacing,2
effect,1
effective,3
effectual,3
effectuate,2
effeminacy,1
effeminate,3
effervesce,3
effervescence,3
effervescent,3
effete,5
efficacious,5
efficacy,6
efficiency,1
efficient,1
effigy,4
efflorescence,1
efflorescent,2
effluvium,5
effrontery,10
effulgence,3
effulgent,2
effuse,1
effusion,3
effusive,3
egalitarian,3
ego,2
egoism,4
egoist,1
egotism,3
egotist,3
egotistical,2
egregious,9
egress,4
ejaculation,2
eject,1
eke,2
elaborate,6
elaboration,2
elapse,1
elastic,3
elasticity,1
elate,1
elated,4
elation,1
elbow,1
electrolysis,1
electrotype,1
eleemosynary,1
elegiac,2
elegy,8
element,1
elementary,1
elephantine,1
elevate,2
elevation,2
elicit,11
eligible,1
eliminate,1
elitist,1
elixir,2
elizabethan,1
ellipsis,4
elliptical,3
elocution,1
elope,2
eloquence,3
eloquent,6
elucidate,9
elude,4
elusion,1
elusive,4
elysian,3
elysium,2
emaciate,3
emaciated,2
emanate,3
emancipate,4
emasculate,2
embargo,4
embark,4
embarrass,2
embed,3
embellish,8
embezzle,2
embezzlement,2
embitter,2
emblazon,4
emblem,1
embody,3
embolden,2
embolism,1
emboss,4
embrace,3
embroider,3
embroil,5
embroiled,2
embryonic,4
emend,3
emendation,1
emerge,1
emergence,1
emergent,1
emeritus,2
emetic,3
emigrant,1
emigrate,2
eminence,2
eminent,8
emissary,3
emit,1
emollient,4
emolument,3
empathetic,2
empathy,2
emphasis,1
emphasize,1
emphatic,1
empirical,8
empiricism,2
employee,1
employer,1
emporium,1
empower,1
empyreal,1
emulate,12
enact,4
enamel,1
enamor,4
enamored,2
encamp,1
enchant,1
encipher,2
encircle,2
enclave,3
encomiastic,2
encomium,5
encompass,4
encore,1
encourage,1
encroach,2
encroachment,3
encumber,7
encyclical,1
encyclopedia,1
encyclopedic,1
endanger,1
endear,3
endearment,2
endemic,11
endive,1
endorse,3
endow,2
endue,4
endurable,1
endurance,1
enduring,3
energetic,1
energize,2
enervate,12
enervated,1
enfeeble,1
enfranchise,4
engage,3
engaged,2
engaging,2
engender,12
engrave,1
engross,4
engulf,2
enhance,5
enigma,7
enigmatic,3
enjoin,6
enkindle,1
enlighten,2
enlist,3
enliven,2
enmity,7
ennoble,2
ennui,5
enormity,5
enormous,1
enrage,1
enrapture,4
ensconce,4
ensemble,1
enshrine,1
ensnare,1
ensue,4
entail,3
entangle,2
enterprise,2
enterprising,2
entertain,1
enthrall,6
enthrone,1
enthuse,1
enthusiasm,1
enthusiastic,1
entice,5
entirety,1
entitled,1
entitlement,2
entity,2
entomology,3
entourage,2
entrance,3
entrap,1
entreat,5
entreaty,1
entree,2
entree(entr\'ee),1
entrench,1
entrenched,3
entrepreneur,2
entwine,1
enumerate,8
enunciate,3
environ,2
eon,2
epaulet,3
epaulette,1
ephemeral,11
epic,4
epicure,6
epicurean,3
epicycle,1
epicycloid,1
epidemic,1
epidermis,2
epigram,6
epilogue,4
epiphany,3
episode,2
episodic,3
epistemologist,2
epistemology,1
epistolary,1
epitaph,4
epithet,4
epitome,5
epizootic,1
epoch,3
epode,1
eponym,2
equable,5
equalize,1
equanimity,7
equestrian,3
equilibrium,3
equine,2
equinox,2
equipage,1
equipoise,2
equitable,7
equity,4
equivalent,2
equivocal,7
equivocate,11
eradicate,5
erode,4
erotic,2
err,2
errant,7
erratic,8
erroneous,5
ersatz,4
erstwhile,2
erudite,10
erudition,3
escalate,2
escapade,2
eschew,11
escutcheon,1
esoteric,10
espionage,2
espouse,8
esprit de corps,1
espy,1
esquire,1
essence,1
establish,1
esteem,4
esthetic,1
estimable,10
estrange,3
estranged,3
estuary,1
etch,1
eternal,1
ethereal,6
ethics,1
ethnic,2
ethnology,2
ethos,4
etymology,2
eugenic,4
eulogistic,2
eulogize,2
eulogy,7
euphemism,9
euphonious,3
euphony,6
euphoria,5
euphoric,1
eureka,1
euthanasia,2
evacuate,1
evade,2
evanesce,1
evanescent,10
evangelical,1
evangelist,1
evasion,2
evasive,5
evenhanded,4
eventual,3
everlasting,1
evert,1
evict,2
evident,1
evidential,1
evince,4
eviscerate,1
evocative,2
evoke,5
evolution,1
evolve,1
ewe,3
ewer,1
exacerbate,12
exact,2
exacting,8
exaction,1
exaggerate,1
exalt,6
exasperate,8
exasperated,1
excavate,2
exceed,1
excel,1
excellence,1
excellency,1
excellent,1
except,2
exceptionable,2
exceptional,1
excerpt,4
excess,1
exchequer,2
excise,3
excision,1
excitable,1
excitation,1
exclaim,2
exclamation,1
exclude,1
exclusion,1
excoriate,6
excrescence,1
excrete,1
excretion,1
excruciate,2
excruciating,2
exculpate,9
excursion,1
excursive,1
excusable,1
execrable,4
execrate,6
execration,1
execute,2
executioner,2
executive,2
executor,3
exegesis,7
exemplar,4
exemplary,4
exemplify,5
exempt,4
exert,2
exertion,3
exhale,3
exhaust,2
exhaustible,1
exhaustion,1
exhaustive,3
exhilarate,2
exhilarating,3
exhort,6
exhume,3
exigency,5
exigent,7
exiguity,2
exiguous,2
existence,1
existential,2
exit,1
exodus,4
exonerate,11
exorbitance,1
exorbitant,9
exorcise,4
exotic,5
expand,1
expanse,1
expansion,1
expansive,5
expatiate,5
expatriate,4
expect,1
expectancy,1
expectorate,1
expediency,2
expedient,5
expedite,5
expedition,1
expeditious,3
expeditiously,1
expel,1
expend,1
expenditure,2
expense,1
expertise,2
expiate,5
expire,1
expletive,2
explicable,1
explicate,5
explicator,1
explicit,6
explode,1
exploit,4
exploitation,1
exploitative,1
explosion,1
explosive,1
exponent,3
expose,2
exposition,2
expository,3
expostulate,1
expostulation,3
exposure,3
expound,4
expressive,1
expropriate,2
expulsion,1
expunge,4
expurgate,7
exquisite,3
extant,6
extemporaneous,6
extempore,1
extemporize,2
extend,1
extensible,1
extension,1
extensive,1
extensor,1
extenuate,5
extenuating,3
exterior,1
external,1
extinct,2
extinguish,2
extirpate,2
extol,6
extort,5
extortion,1
extract,1
extraction,1
extradite,1
extradition,3
extrajudicial,1
extraneous,9
extraordinary,1
extrapolate,5
extrapolation,3
extravagance,1
extravagant,4
extremist,1
extremity,1
extricate,4
extrinsic,2
extrovert,2
extrude,3
exuberance,3
exuberant,4
exude,3
exult,3
eyrie,1
eyry,1
fable,1
fabricate,5
fabulous,1
facade,2
facet,3
facetious,12
facial,1
facile,7
facilitate,7
facility,1
facsimile,3
faction,6
factious,7
factitious,5
factotum,2
faculty,2
fad,1
fail-safe,1
fain,1
fake,2
fallacious,9
fallacy,5
fallible,5
fallow,8
falsehood,1
falsify,2
falter,4
famish,1
fanatic,2
fanatical,1
fanaticism,2
fancied,2
fancier,3
fanciful,4
fanciless,1
fancy,4
fanfare,3
fantastic,1
fantasy,1
far-fetched,1
farce,3
fare,1
farfetched,1
fascinate,1
fashion,2
fast,1
fastidious,10
fatalism,2
fateful,1
fatherless,1
fathom,6
fathomless,1
fatigue,1
fatuous,7
faultfinder,1
faun,1
fauna,2
faux pas,1
favorable,1
favoritism,2
fawn,9
fawning,4
faze,3
fealty,2
feasible,5
feature,2
febrile,2
feckless,4
fecund,6
fecundity,2
federate,1
feeble,2
feebleminded,2
feign,4
feint,4
felicitate,1
felicitous,6
felicity,4
feline,2
fell,4
felon,3
felonious,1
felony,1
feminine,1
fender,1
feral,3
ferment,2
fermentation,2
fernery,1
ferocious,3
ferocity,1
ferret,4
ferrous,1
fertile,2
fertilize,1
fervent,6
fervid,7
fervor,6
festal,1
fester,4
festive,3
fete,5
fetich,1
fetid,5
fetish,2
fetter,3
fetus,1
feud,2
feudal,1
feudalism,1
fez,1
fiasco,5
fiat,2
fickle,7
fictitious,4
fidelity,6
fidget,1
fiducial,1
fiduciary,1
fief,1
fiend,2
figment,2
figurative,5
figure,2
figurehead,1
figurine,3
filch,3
filial,2
filibuster,5
filigree,3
filing,3
filly,1
filter,1
filth,2
finagle,2
finale,4
finality,1
finally,1
financial,2
financier,1
finch,1
finery,3
finesse,5
finicky,4
finish,2
finished,2
finite,3
firebrand,5
first,1
fiscal,1
fishmonger,1
fissure,4
fit,2
fitful,4
fixture,1
flaccid,3
flag,9
flag-officer,1
flagellate,1
flagging,1
flagrant,4
flail,3
flair,3
flamboyant,6
flashy,2
flatter,1
flatulence,1
flaunt,2
flaw,1
flax,1
flay,3
fleck,2
flection,1
fledge,1
fledgeling,1
fledgling,8
fleece,4
fleet,3
fleeting,1
flexible,2
flick,2
flicker,2
flighty,2
flimsy,1
flinch,3
flip,3
flippancy,2
flippant,6
flirt,3
flit,3
flock,1
floe,3
flora,3
floral,1
florescence,2
florid,6
florist,1
flotilla,2
flotsam,3
flounder,6
flourish,4
flout,7
flowery,2
fluctuate,5
fluctuation,2
flue,1
fluency,2
fluent,2
fluential,1
fluke,4
flummox,2
flummoxed,1
flush,6
fluster,3
flustered,1
flute,1
fluted,1
flutter,2
fluvial,1
flux,5
fodder,2
foetid,1
foggy,1
foible,7
foil,5
foist,4
foliage,4
folio,1
folk-lore,1
foment,9
fomentation,1
fondle,1
foolery,1
foolhardy,6
foolproof,1
foot-note,1
footloose,1
foppery,1
foppish,4
forage,1
foray,2
forbear,2
forbearance,5
forby,1
forcible,1
ford,6
forebear,3
forebears,1
forebode,1
foreboding,3
forecast,1
forecastle,1
foreclose,1
forecourt,1
forefather,1
forego,2
foreground,1
forehead,1
foreign,1
foreigner,1
forejudge,1
foreknowledge,1
foreman,1
foremost,1
forensic,2
foreordain,1
foreordination,1
forepeak,1
forerun,1
forerunner,2
foresail,1
foresee,1
foreseeable,1
foreshadow,3
foreshore,1
foresight,3
forestall,8
foretell,1
forethought,1
foreword,1
forfeit,4
forfend,1
forge,2
forger,1
forgery,1
forgo,3
forlorn,4
formal,1
formality,2
formation,1
formidable,5
formula,1
forsake,4
forswear,4
forte,4
forth,1
forthcoming,4
forthright,6
fortify,3
fortitude,5
fortuitous,9
forum,2
forward,2
foster,5
foul,2
founder,4
foursome,1
fracas,5
fractious,8
fracture,2
fragile,2
frail,3
frailty,3
franchise,2
frankincense,1
frantic,3
fraternal,1
fraud,1
fraudulence,1
fraudulent,4
fraught,5
fray,4
freebooter,2
freelancer,1
freemason,1
freethinker,1
frenetic,5
frenzied,2
frenzy,1
frequency,1
frequent,1
fresco,5
freshet,1
freshness,1
fret,4
fretful,1
friable,1
friction,3
frieze,4
frightful,1
frigid,4
frigidarium,1
fringe,5
frisk,2
fritter,2
frivolity,1
frivolous,8
frizz,1
frizzle,1
frock,2
frolic,2
frolicsome,3
frond,3
frontier,2
frothy,1
froward,1
frowsy,1
frowzy,2
fructify,3
frugal,7
frugality,4
fruitful,3
fruition,3
frustrate,6
fuddle,2
fugacious,1
fugitive,2
fulcrum,4
fulgent,1
full-bodied,1
fulminate,7
fulsome,3
fumble,3
fumigate,1
functional,2
functionary,4
fundamental,3
funereal,2
fungi,1
fungible,2
fungous,1
fungus,1
furbish,1
furlong,1
furlough,1
furnace,1
furnish,1
furor,3
furrier,1
furrow,2
further,1
furtherance,1
furtive,10
fury,1
fuse,1
fusible,1
fusillade,2
fusion,2
fuss,2
fussy,3
fustian,1
fusty,1
futile,9
futurist,1
gadfly,4
gadget,1
gaff,1
gaffe,6
gaiety,1
gaily,1
gainsay,10
gait,4
galaxy,3
gale,3
gall,5
gallant,2
galleon,2
galley,3
gallows,2
galore,1
galvanic,3
galvanism,1
galvanize,8
gambit,4
gamble,2
gambol,6
gamely,2
gamester,1
gamut,3
gangly,1
gangrene,2
gangway,1
gape,2
garble,2
garbled,2
gargantuan,3
gargoyle,2
garish,4
garment,1
garner,5
garnish,3
garrison,1
garrote,1
garrulity,1
garrulous,11
gasconade,1
gaseous,1
gash,1
gasification,1
gastric,1
gastritis,1
gastronomy,3
gauche,8
gaudy,3
gauge,2
gaunt,3
gauntlet,1
gavel,2
gawk,3
gawky,2
gazette,2
gear,1
gendarme,1
genealogist,1
genealogy,3
generality,3
generalize,1
generally,1
generate,4
generic,3
generosity,1
genesis,4
genial,5
geniality,3
genital,1
genitive,1
genre,2
genteel,6
gentile,1
gentility,3
gentle,2
gentry,3
genuflect,2
genus,2
geology,1
geriatrics,2
germ,2
germane,9
germinal,2
germinate,3
gerontocracy,1
gerontology,2
gerrymander,5
gestate,3
gestation,2
gesticulate,1
gesticulation,2
gesture,1
geyser,1
ghastly,3
gibber,1
gibberish,2
gibbet,1
gibe,5
giddy,4
gig,1
gigantic,1
gild,3
gingerly,2
gird,1
girder,1
girth,2
gist,5
giver,1
glacial,4
glacier,2
gladden,1
glade,1
gladiator,1
glamor,2
glare,2
glaring,2
glaze,3
glazier,1
gleam,2
glean,4
glib,11
glimmer,3
glimpse,1
glisten,1
glitch,1
glitter,2
gloaming,1
gloat,3
globose,1
globular,1
gloomy,1
glorious,1
gloss,3
gloss over,1
glossary,3
glossover,1
glossy,3
glow,2
glower,5
glum,1
glut,5
glutinous,4
glutton,3
gluttonous,2
gnarl,2
gnarled,2
gnash,1
gnome,2
goad,9
gobble,3
goggle,1
goldbrick,1
goosebumps,1
gorge,3
gory,2
gosling,1
gossamer,6
gouge,5
gourd,1
gourmand,4
gourmet,3
graceless,1
gracious,2
gradation,5
gradient,1
graduate,2
graduated,2
graft,3
granary,4
grandeur,4
grandiloquence,1
grandiloquent,9
grandiose,4
grandstand,2
grant,1
grantee,1
grantor,1
granular,1
granulate,3
granule,1
graphic,2
graphite,2
grapple,4
grate,3
gratification,1
gratify,5
grating,1
gratis,4
gratitude,1
gratuitous,6
gratuity,2
gravel,1
gravity,3
graze,2
green,1
gregarious,11
grenadier,1
grief,1
grievance,4
grieve,1
grievous,3
grill,2
grim,2
grimace,4
grin,1
grindstone,1
gripe,2
grisly,5
groom,2
groove,3
gross,2
grotesque,4
grotto,4
grouch,2
ground,1
ground crew,1
grouse,3
grove,2
grovel,9
growl,2
grudge,2
grudging,3
gruel,3
grueling,3
gruesome,2
gruff,2
grumble,2
grunt,2
guarantee,1
guess,1
guffaw,4
guile,7
guileless,5
guilt,1
guinea,1
guise,3
gull,2
gullible,6
gully,1
gum,1
gumption,3
gush,3
gust,3
gustatory,3
gusto,4
gusty,3
guy,3
guzzle,2
gynecocracy,1
gynecology,1
gyrate,1
gyroscope,3
habitable,2
habitant,1
habitat,2
habitual,1
habituate,2
habitude,1
hack,1
hackles,2
hackney,1
hackneyed,10
haggard,3
haggle,3
hagiographic,2
hail,4
halcyon,9
hale,5
half-baked,1
halfhearted,2
hallmark,2
hallow,1
hallowed,2
hallucination,3
halting,3
ham-handed,1
hammer,1
hamper,6
hamstring,1
hamstrung,2
hand-wringing,1
handsome,2
handwriting,1
hangdog,1
hanger-on,1
hankering,2
hap,2
haphazard,6
hapless,5
happy-go-lucky,1
harangue,11
harass,4
harbinger,5
harbor,3
hard-bitten,1
hard-hearted,1
hardihood,1
hardy,4
harmonious,2
harness,1
harp,2
harping,1
harried,2
harrow,3
harrowing,3
harry,4
harsh,1
hasten,1
hasty,1
hatch,3
haughtiness,2
haughty,4
haunt,3
hauteur,4
haven,4
havoc,4
hawser,1
hawthorn,1
hazard,3
hazardous,2
hazy,2
headfirst,2
headlong,4
headstrong,3
heady,1
healthful,2
healthy,2
hearken,2
hearten,1
heartrending,2
heathenish,1
heckler,2
hector,2
hedge,3
hedonism,2
hedonist,4
heed,4
heedless,3
hegemony,8
hegira,1
heifer,1
heinous,4
heirloom,1
helm,2
helmet,1
hem,3
hemorrhage,1
henpeck,1
heptagon,1
heptarchy,1
herald,3
herbaceous,1
herbarium,1
herbicide,1
herbivorous,3
herculean,1
herd,2
hereafter,2
hereditary,1
heresy,3
heretic,4
heretical,4
heritage,1
hermetic,5
hermetically,1
hermit,1
hermitage,3
hernia,1
herpetologist,3
hesitance,1
hesitancy,1
hesitant,1
hesitation,1
heterodox,5
heterogeneity,1
heterogeneous,5
heteromorphic,1
hew,5
hexagon,1
hexangular,1
hexapod,1
heyday,5
hiatus,3
hibernal,3
hibernate,2
hibernian,1
hide,2
hidebound,1
hideous,4
hie,1
hierarchical,1
hierarchy,3
hieroglyph,1
hieroglyphic,2
high-flown,2
hike,1
hilarious,2
hilarity,2
hillock,1
hinder,2
hindmost,3
hindrance,3
hindsight,2
hinterland,1
hinterlands,1
hireling,3
hirsute,3
historic,2
historical,2
histrionic,7
hive,3
hoard,4
hoarse,1
hoary,8
hoax,3
hobble,2
hodgepodge,5
hogshead,1
holocaust,2
holster,2
homage,5
homely,3
homeostasis,2
homespun,3
homily,4
homogeneity,1
homogeneous,5
homogenize,1
homogenous,1
homologous,1
homonym,1
homophone,1
hone,3
honorarium,2
hoodwink,8
horde,4
horoscope,2
hortative,1
hortatory,2
horticultural,2
horticulture,1
hosiery,1
hospitable,1
hospitality,1
hostage,2
hostelry,1
hostility,3
hothead,2
hotly,1
hound,2
hovel,3
hover,2
hoyden,1
hub,1
hubbub,3
hubris,6
huckster,1
hue,2
hue and cry,2
hull,2
humane,3
humanitarian,3
humanize,1
humble,4
humbug,1
humdrum,6
humid,2
humiliate,2
humility,3
hummock,3
humor,3
humus,2
hurl,2
hurricane,1
hurtle,3
husband,4
husbandry,4
husk,1
husky,1
hussar,1
hustings,1
hustle,1
hut,2
hybrid,4
hydra,1
hydraulic,1
hydrodynamics,1
hydroelectric,1
hydromechanics,1
hydrometer,1
hydrophobia,2
hydrostatics,1
hydrous,1
hygiene,3
hymn,1
hyperbole,8
hyperborean,1
hypercritical,3
hypnosis,3
hypnotic,2
hypnotism,1
hypnotize,1
hypochondriac,2
hypocrisy,1
hypocrite,1
hypocritical,3
hypodermic,1
hypotenuse,1
hypothecate,1
hypothesis,1
hypothetical,2
hysteria,3
hysterical,1
ichthyic,1
ichthyologist,1
ichthyology,3
ichthyosaurs,1
icily,1
iciness,1
icon,3
iconoclast,9
iconoclastic,6
idealize,1
ideological,1
ideology,3
idiom,3
idiosyncrasy,9
idiosyncratic,2
idle,2
idolatrious,1
idolatrize,1
idolatrous,2
idolatry,4
idolize,1
idyll,3
idyllic,3
igneous,2
ignite,3
ignoble,7
ignominious,6
ignominy,4
ikon,1
iliad,1
ill-natured,1
illegal,1
illegible,1
illegitimate,1
illiberal,1
illiberality,1
illicit,5
illimitable,3
illiteracy,1
illiterate,1
illogical,1
illuminant,1
illuminate,3
illuminati,1
illumination,1
illumine,1
illusion,3
illusive,3
illusory,7
illustrious,3
imaginable,1
imaginary,1
imbalance,2
imbecility,2
imbed,1
imbibe,7
imbroglio,7
imbrue,2
imbue,4
imitation,2
imitator,1
immaculate,5
immanent,1
immaterial,4
immature,2
immeasurable,1
immemorial,1
immense,1
immerse,1
immersion,1
immigrant,1
immigrate,1
imminence,1
imminent,7
immiscible,1
immobility,2
immolate,2
immoral,1
immortalize,1
immovable,1
immune,4
immure,7
immutable,12
imp,1
impair,7
impale,2
impalpable,3
impart,3
impartial,6
impassable,3
impasse,4
impassible,1
impassioned,2
impassive,7
impatience,1
impeach,2
impeccable,6
impecunious,8
impede,9
impediment,4
impel,4
impend,2
impending,4
impenetrable,4
impenitent,3
imperative,4
imperceptible,3
imperfectible,1
imperial,3
imperil,4
imperious,8
impermeable,5
impermissible,1
impersonal,3
impersonate,1
impersuadable,1
impertinence,2
impertinent,7
imperturbability,1
imperturbable,11
impervious,9
impetuosity,1
impetuous,10
impetus,4
impiety,5
impinge,2
impious,5
implacable,12
implausible,5
implement,3
impliable,1
implicate,4
implication,3
implicit,6
implode,5
implore,2
imply,3
impolitic,4
imponderable,4
import,2
importation,1
importunate,4
importune,4
importuned,2
imposed,1
imposing,2
imposition,1
impostor,1
imposture,3
impotent,4
impoverish,3
impracticable,1
imprecate,1
imprecation,4
imprecise,1
impregnable,5
impregnate,3
impresario,1
imprimatur,1
improbable,1
impromptu,4
improper,1
impropriety,3
improvident,6
improvise,5
imprudence,1
imprudent,6
impudence,3
impudent,6
impugn,9
impuissance,3
impulsion,1
impulsive,1
impunity,4
impure,1
imputation,1
impute,7
inaccessible,1
inaccurate,1
inactive,1
inadequate,1
inadmissible,1
inadvertence,1
inadvertent,6
inadvertently,2
inadvisable,1
inalienable,3
inamorata,2
inane,4
inanimate,4
inanity,2
inapprehensible,1
inapt,1
inarticulate,5
inasmuch,1
inasmuch_as,1
inaudible,1
inaugurate,3
inborn,2
inbred,1
incandescence,1
incandescent,5
incantation,3
incapacitate,3
incapacity,1
incarcerate,3
incarnadine,3
incarnate,3
incarnation,2
incendiary,6
incense,5
incentive,4
inception,4
inceptive,1
incessant,7
inch,1
inchmeal,1
inchoate,10
inchoative,1
incidence,3
incident,3
incidental,4
incidentally,1
incinerate,4
incipience,1
incipient,8
incisive,5
incisor,1
incite,4
incitement,1
inclement,6
incline,2
inclined,4
inclusive,3
incoercible,1
incogitant,1
incognito,2
incoherence,1
incoherent,3
incombustible,1
incommodious,2
incomparable,1
incompatible,3
incompetence,1
incompetent,1
incomplete,1
incomprehensible,1
incompressible,1
inconceivable,1
inconclusive,1
incongruent,1
incongruity,4
incongruous,6
inconsequential,7
inconsiderable,1
inconsistency,2
inconsistent,1
inconstancy,1
inconstant,1
incontinent,2
incontrovertible,8
inconvenient,1
incorporate,3
incorporeal,2
incorrigible,8
incredulity,2
incredulous,5
increment,2
incriminate,3
incrustation,2
incubate,2
incubation,1
incubator,1
incubus,2
inculcate,5
inculpate,1
incumbent,5
incur,2
incursion,3
indebted,1
indecision,2
indecisive,2
indecorous,3
indefatigable,6
indefensible,1
indefinitely,1
indelible,4
indemnify,3
indemnity,1
indentation,2
indenture,2
indescribable,1
indestructible,1
indeterminate,3
index,1
indicant,1
indication,1
indicative,2
indicator,1
indices,1
indict,6
indictment,1
indifference,2
indifferent,5
indigence,5
indigenous,7
indigent,6
indigestible,1
indigestion,1
indignant,5
indignation,3
indignity,3
indiscernible,1
indiscreet,1
indiscriminate,4
indispensable,3
indisputable,2
indissoluble,2
indistinct,1
indite,3
indivertible,1
indivisible,1
indoctrinate,3
indolence,2
indolent,10
indomitable,4
indubitable,2
indubitably,1
induce,2
inducement,1
induct,3
inductive,2
indulge,2
indulgence,1
indulgent,4
indurate,1
industrious,5
industriousness,1
inebriate,3
inebriated,2
inebriety,1
inedible,1
ineffable,7
ineffectual,2
inefficiency,1
inefficient,1
ineligible,1
ineluctable,6
inept,5
inequity,4
inerlocutor,1
inerrancy,3
inert,7
inertia,1
inestimable,3
inevitability,1
inevitable,4
inexcusable,1
inexhaustible,1
inexorable,7
inexorableinexorablearmy,1
inexpedient,1
inexpensive,1
inexperience,1
inexplicable,1
inexpressible,1
inextensible,1
inextricable,2
infallible,5
infamous,3
infamy,2
infantile,2
infatuate,1
infelicitous,4
infer,3
inference,2
infernal,3
inferno,1
infest,4
infidel,3
infidelity,1
infiltrate,3
infinite,2
infinitesimal,2
infinity,1
infirm,2
infirmary,1
infirmity,3
inflame,1
inflammable,3
inflammation,1
inflammatory,1
inflated,2
inflexible,1
influence,1
influential,1
influx,4
inform,2
infraction,2
infrequence,1
infrequent,1
infringe,3
infuriate,1
infuse,2
infusion,1
ingenious,5
ingenue,3
ingenuity,5
ingenuous,10
ingest,1
inglorious,1
ingraft,1
ingrained,6
ingrate,5
ingratiate,8
ingratiating,1
ingratitude,1
ingredient,1
inherence,1
inherent,8
inhibit,4
inhibited,2
inhospitable,1
inhuman,1
inhume,1
inimical,11
inimitable,6
iniquitous,3
iniquity,4
initiate,4
inject,1
injunction,1
injurious,2
inkling,6
inland,1
inlet,1
inmost,1
innate,3
innocuous,12
innovate,1
innovation,3
innuendo,3
innumerable,1
inoffensive,1
inopportune,4
inordinate,3
inquest,1
inquire,1
inquisition,1
inquisitive,6
inquisitor,3
inroad,3
insalubrious,2
insatiable,3
inscribe,1
inscrutable,9
insecure,1
insensate,3
insensible,5
insensitive,1
insentient,2
inseparable,1
insidious,6
insight,2
insightful,2
insignificance,1
insignificant,1
insinuate,6
insipid,12
insist,1
insistence,1
insistent,1
insolence,4
insolent,6
insolvency,1
insolvent,4
insomnia,3
insomuch,1
insouciance,2
insouciant,3
inspector,1
inspire,1
instance,2
instant,1
instantaneous,1
instate,1
instigate,4
instigator,1
instill,2
institute,4
institution,2
institutionalize,2
instructive,1
instrumentalist,1
insubordinate,1
insubordination,2
insubstantial,2
insufferable,2
insufficiency,1
insufficient,1
insular,8
insularity,3
insulate,2
insuperable,3
insuppressible,1
insurgence,1
insurgent,5
insurmountable,2
insurrection,5
intangible,4
integral,3
integrate,2
integrity,4
integument,1
intellect,3
intellectual,1
intelligence,1
intelligentsia,2
intelligible,3
intemperance,2
intemperate,1
intend,1
intensify,1
intension,1
intensive,2
intention,1
inter,5
interact,1
intercede,1
intercept,1
intercession,1
intercessor,2
interchangeable,1
interdict,5
interim,4
interjection,2
interlock,1
interlocutor,1
interlocutory,1
interloper,2
interlude,1
intermediary,3
intermediate,1
interment,1
interminable,5
intermission,1
intermit,1
intermittent,7
internecine,4
interplay,1
interpolate,3
interpolation,1
interpose,1
interposition,1
interpreter,1
interregnum,5
interrogate,4
interrogative,1
interrogatory,1
interrupt,1
intersect,1
interstice,2
intertwined,1
intervale,1
intervene,3
intestacy,1
intestate,1
intestine,1
intimacy,1
intimate,9
intimation,2
intimidate,4
intimidation,1
intolerable,1
intolerance,1
intolerant,3
intoxicant,2
intoxicate,3
intracellular,1
intractable,6
intramural,1
intransigence,2
intransigent,9
intrepid,11
intricacy,1
intricate,1
intrigue,6
intrinsic,6
introductory,1
introgression,1
intromit,1
introspect,1
introspection,2
introspective,2
introversion,1
introvert,3
intrude,3
intrusion,1
intuition,3
intuitive,1
inundate,11
inundation,1
inure,6
inured,4
invalid,3
invalidate,3
invaluable,1
invariable,1
invasion,1
invasive,1
invective,9
inveigh,4
inveigle,6
inventive,1
inventory,1
inverse,3
inversion,1
invert,3
investigator,1
investiture,2
investor,1
inveterate,8
invidious,10
invigorate,3
invincible,4
inviolable,5
inviolate,3
invocation,3
invoke,5
involuntary,1
involution,1
involve,1
involved,2
invulnerable,4
inwardly,1
iota,3
irascible,12
irate,4
ire,2
iridescence,2
iridescent,3
irk,4
irksome,5
ironclad,2
ironic,2
ironical,1
irony,4
irradiance,1
irradiate,1
irradicable,1
irrational,1
irreconcilable,2
irreducible,2
irrefragable,1
irrefrangible,1
irrefutable,4
irrelevant,3
irreligious,1
irremediable,2
irreparable,3
irrepressible,3
irreproachable,2
irresistible,1
irresolute,9
irresponsible,1
irretrievable,2
irreverence,3
irreverent,3
irreverential,1
irreversible,1
irrevocable,4
irrigant,1
irrigate,2
irritable,1
irritancy,1
irritant,1
irritate,2
irruption,1
isle,1
islet,1
isobar,1
isochronous,1
isolate,1
isothermal,1
isotope,2
issue,2
isthmus,3
iterate,1
itinerant,9
itinerary,6
itinerate,2
jab,2
jabber,3
jaded,3
jape,1
jargon,7
jarring,1
jaundice,6
jaundiced,2
jaunt,2
jaunty,3
jejune,4
jeopardize,4
jeopardy,2
jeremiad,1
jest,3
jet,1
jetsam,2
jettison,6
jibe,4
jingo,1
jingoism,5
jingoist,5
jitter,1
jocose,3
jocular,8
jocund,5
jog,1
joggle,1
jollity,2
jolt,1
jostle,2
jot,1
journalize,1
joust,1
jovial,6
jubilant,3
jubilation,3
jucture,1
judgment,1
judicature,1
judicial,1
judiciary,3
judicious,7
jug,2
juggernaut,5
juggle,1
jugglery,1
jugular,1
juicy,1
jumble,2
junction,1
juncture,4
junket,3
junta,5
juridical,3
jurisdiction,3
jurisprudence,3
juror,1
justification,1
justify,1
juvenile,1
juxtapose,7
kaleidoscope,2
kangaroo,1
karat,1
keen,3
keepsake,1
ken,3
kerchief,1
kernel,3
kidnap,1
killjoy,2
kiln,1
kiloliter,1
kilometer,1
kilowatt,1
kimono,1
kind-hearted,1
kindle,6
kindred,3
kinetic,4
kingling,1
kingship,1
kiosk,1
kismet,2
kith,1
kleptomaniac,2
knack,4
knave,3
knavery,2
knead,4
kneel,2
knell,4
knickknack,1
knight,1
knighthood,1
knit,3
knoll,3
knot,1
knotty,3
kowtow,2
kudos,4
label,1
labile,3
labor,1
labored,1
laborious,5
labyrinth,4
lace,2
lacerate,5
laceration,2
lachrymose,7
lackadaisical,3
lackey,1
lackluster,5
laconic,10
lactation,1
lacteal,1
lactic,1
laddie,1
ladle,1
lag,2
laggard,4
lagniappe,1
lagoon,2
laity,2
lambast,2
lambaste,2
lambent,1
lament,7
lamentable,1
laminate,2
lampoon,8
lance,2
lancet,3
landfill,1
landholder,1
landlord,1
landmark,2
landscape,1
languid,10
languish,6
languor,4
lank,3
lap,2
lapidary,2
lapse,2
larceny,3
larder,4
largess,6
largesse,3
lariat,1
lascivious,5
lash,1
lassie,1
lassitude,6
latch,2
latency,1
latent,8
later,1
lateral,3
lathe,1
latish,1
latitude,5
lattice,1
laud,5
laudable,7
laudation,1
laudatory,3
laundress,1
laureate,1
lave,2
lavish,6
lawgiver,1
lawmaker,1
lax,5
laxative,1
layman,2
layperson,1
lea,1
leaflet,1
league,1
leash,2
leave-taking,2
leaven,4
lecherous,1
lechery,2
lectern,2
leer,1
leery,6
leeward,1
leeway,2
left-handed,1
legacy,4
legalize,1
legato,2
legend,3
legerdemain,4
legging,1
legible,1
legion,1
legionary,1
legislate,1
legislative,1
legislator,1
legislature,2
legitimacy,1
legitimate,1
leisure,1
leniency,3
lenient,2
leonine,3
lesion,1
lethal,3
lethargic,9
lethargy,1
levee,5
level,1
levelheaded,1
lever,1
leviathan,1
levitate,2
levity,9
levy,4
lewd,3
lexicographer,4
lexicography,2
lexicon,3
liability,4
liable,1
liaison,2
libel,3
libelous,1
liberal,2
liberalism,1
liberalist,1
liberate,2
libertine,7
libidinous,2
libido,2
libretto,4
license,2
licentious,6
licit,1
liege,1
lien,4
lieu,2
lifelike,1
lifelong,1
lifetime,1
ligament,1
ligature,1
light-hearted,1
ligneous,3
likelihood,1
likely,1
liken,1
likewise,1
liking,1
lilliputian,2
limber,3
limbo,2
limerick,1
limitation,1
limn,2
limousine,1
limp,3
limpid,8
lineage,2
lineament,2
lineaments,1
linear,1
linen,1
liner,1
linger,3
lingo,1
lingua,1
lingual,1
linguist,1
linguistic,2
linguistics,1
liniment,1
linoleum,1
lint,1
lionize,6
liquefacient,1
liquefy,1
liqueur,1
liquidate,3
liquor,1
lissome,4
list,3
listless,5
litany,4
literacy,1
literal,1
literature,1
lithe,4
lithesome,1
lithograph,1
lithotype,1
litigant,1
litigate,1
litigation,3
litigious,1
litotes,2
litter,2
littoral,1
liturgy,1
livelihood,2
livid,4
loam,1
loath,7
loathe,5
locative,1
loch,1
locomotion,1
locomotive,1
lode,5
lodgment,1
loft,2
lofty,4
log,3
logic,1
logical,2
logician,1
loiter,2
loiterer,1
loll,3
loneliness,1
longevity,3
lookout,2
loom,2
loot,1
lope,2
lopsided,3
loquacious,10
lordling,1
lot,2
lottery,3
lough,1
lounge,2
louse,1
lout,3
loutish,1
lovable,1
low,2
low-spirited,1
lowly,1
lubricate,3
lubricity,1
lucent,1
lucid,12
lucrative,4
lucre,2
lucubration,1
ludicrous,3
lug,1
lugubrious,8
lull,5
lullaby,1
lumber,4
lumen,3
luminary,5
luminescence,1
luminescent,1
luminosity,1
luminous,7
lunacy,1
lunar,3
lunatic,3
lune,1
lurch,1
lurid,4
lurk,3
luscious,3
lush,3
lust,2
luster,2
lustrous,4
luxuriance,1
luxuriant,4
luxuriate,3
luxury,1
lying,1
lyre,1
lyric,2
macabre,6
macadamize,1
mace,2
macerate,3
machiavellian,2
machinate,2
machination,3
machinations,2
machinery,1
machinist,1
macrocosm,1
maculate,2
maculated,1
madden,1
madonna,1
madrigal,3
maelstrom,5
magician,1
magisterial,7
magistracy,1
magistrate,2
magnanimity,4
magnanimous,7
magnate,6
magnet,1
magnetize,1
magnificence,1
magnificent,2
magniloquent,2
magnitude,3
maharaja,1
maidenhood,1
maim,2
maintain,3
maintenance,1
maize,1
majority,1
makeshift,5
makeup,1
maladroit,6
malady,5
malaise,4
malapropism,4
malapropos,2
malaria,1
malcontent,5
malediction,5
malefactor,3
maleficent,2
maleficient,1
malevolence,1
malevolent,9
malfeasance,5
malice,2
malicious,3
malign,6
malignant,3
malinger,3
malingerer,5
mall,1
malleable,13
mallet,1
malodor,1
malodorous,5
maltreat,1
mammal,2
mammoth,2
man-eater,1
man-trap,1
manacle,3
mandate,3
mandatory,4
mane,1
maneuver,3
mange,2
mangle,3
mangy,3
mania,2
maniac,1
maniacal,2
manifest,7
manifestation,3
manifesto,3
manifold,2
manipulate,3
manlike,1
manliness,1
mannered,5
mannerism,3
manoeuver,1
manor,1
mantel,1
mantle,3
manufacturer,1
manumission,1
manumit,5
manuscript,1
mar,5
maraud,3
marauder,1
margin,2
marginal,3
marginalize,1
marine,1
marital,2
maritime,3
marked,2
maroon,3
marred,2
marrow,2
marsh,1
marshal,2
marsupial,3
martial,8
martian,1
martinet,7
martyr,2
martyrdom,1
marvel,2
marvelous,1
mash,3
masochist,2
mason,2
masquerade,3
mass,2
massive,1
masterpiece,1
mastery,2
masticate,4
mat,2
material,1
materialism,2
materialize,1
maternal,3
matinee,3
matriarch,3
matricide,2
matriculate,3
matrimony,3
matrix,3
mattress,1
maudlin,8
maul,3
maunder,3
mausoleum,3
mauve,2
maven,1
maverick,10
mawkish,7
maxim,7
mayhem,2
maze,1
mead,1
meager,4
mealy-mouthed,1
mealymouthed,2
mean,1
meander,7
measly,1
measured,1
mechanics,1
medallion,1
meddle,1
meddlesome,3
media,1
medial,1
mediate,5
medicine,1
medieval,1
mediocre,4
meditation,3
medium,2
medley,4
meek,3
meet,1
megalomania,2
melancholy,4
melange,2
melee,4
meliorate,1
meliorism,1
mellifluous,6
melodious,1
melodrama,2
melody,1
membrane,2
memento,3
memoir,2
memorable,1
memorial,2
memorialize,2
menace,4
menagerie,3
mendacious,6
mendacity,6
mendicant,8
menial,2
mentality,1
mentor,4
mercantile,3
mercenary,4
merciful,1
merciless,1
mercurial,10
meretricious,5
merger,2
meringue,1
merit,3
merited,1
meritocracy,1
meritorious,1
mesa,1
mesh,1
mesmerism,1
mesmerize,5
metal,1
metallurgical,2
metallurgy,1
metamorphose,2
metamorphosis,4
metaphor,3
metaphorical,1
metaphorm,1
metaphysical,4
metaphysician,1
metaphysics,2
mete,3
metempsychosis,1
meteoric,5
meteorology,1
meter,2
methodical,3
meticulous,11
metonymy,1
metric,1
metrical,3
metronome,1
metropolis,3
metropolitan,1
mettle,5
mettlesome,4
mews,1
miasma,2
microcosm,4
micrometer,1
microphone,1
microscope,1
microscopic,1
microscopy,1
midsummer,1
midwife,1
mien,3
miff,1
migrant,3
migrate,1
migratory,4
mileage,1
milieu,3
militant,3
militarism,1
militate,5
militia,3
milk,2
millennium,2
millet,1
mime,3
mimic,2
mimicry,3
minaret,2
minatory,3
mince,1
mincing,3
mingle,3
miniature,3
minimize,2
minion,4
miniscule,1
ministration,1
ministry,1
minority,1
mint,1
minuscule,3
minute,6
minutia,3
minutiae,1
mirage,4
mire,3
mired,1
mirth,5
misadventure,3
misanthrope,11
misanthropic,2
misanthropy,1
misapprehend,1
misapprehension,2
misappropriate,1
misattribute,2
misbehave,2
misbehavior,1
miscegenation,1
miscellaneous,2
miscellany,2
mischance,2
mischief,2
mischievous,2
misconduct,2
misconstrue,6
miscount,1
miscreant,9
misdeed,1
misdemeanor,4
miser,5
miserly,5
misfortune,1
misgiving,2
misgivings,1
mishap,4
misinterpret,1
mislay,1
mismanage,1
misnomer,5
misogamy,3
misogynist,4
misogyny,1
misplace,1
misrepresent,2
misrule,1
missal,1
missile,3
missive,5
mistrust,1
mite,5
miter,1
mitigate,12
mnemonic,2
mnemonics,2
moat,1
mobile,2
mobility,1
mobocracy,1
moccasin,1
mock,2
mockery,2
mode,3
moderate,1
moderation,1
moderator,1
modernity,1
modernize,1
modest,4
modicum,7
modification,1
modify,1
modish,5
modulate,3
modulation,1
mogul,2
moiety,1
molar,1
molding,1
molecule,2
mollify,11
mollycoddle,3
molt,6
molten,2
moment,2
momentary,2
momentous,4
momentum,4
monarchy,3
monastery,1
monastic,4
monetary,4
mongrel,4
monition,1
monitory,1
monochromatic,3
monochrome,2
monocle,1
monocracy,1
monogamy,1
monogram,3
monograph,3
monolith,1
monolithic,2
monologue,2
monomania,1
monopoly,1
monosyllable,1
monotheism,2
monotone,1
monotonous,4
monotony,5
montage,1
monumental,2
moodiness,2
moonbeam,1
moor,1
moot,4
moral,1
morale,1
moralist,1
morality,1
moralize,1
morass,1
moratorium,5
morbid,5
mordacious,1
mordant,8
moreover,1
mores,4
morganatic,1
morgue,2
moribund,7
morose,11
morph,2
morphology,1
mortar,3
mortician,2
mortify,3
mosaic,3
mosque,1
mote,3
moth-eaten,1
motif,2
motile,1
motility,2
motivate,1
motley,4
mottle,1
mottled,2
motto,4
mountaineer,1
mountainous,1
mountebank,3
mournful,1
mouthful,1
movement,1
muddle,3
muddy,1
muffle,1
muffler,1
muggy,2
mugwump,1
mulatto,1
mulct,4
muleteer,1
mulish,1
multifaceted,1
multifarious,4
multiform,3
multilingual,2
multiplicity,3
multitude,1
mumble,1
mundane,12
municipal,1
municipality,1
munificence,1
munificent,11
mural,3
murkiness,1
murky,3
murmur,3
murrain,1
muse,3
musket,1
musky,2
muster,4
musty,2
mutability,1
mutable,1
mutablility,1
mutate,1
mutation,1
mute,2
muted,3
mutilate,3
mutinous,2
mutiny,2
mutter,3
myopic,8
myriad,7
mystic,3
mystification,1
myth,1
mythology,1
nadir,8
naive,3
naivete,2
naivety,1
nameless,1
naphtha,1
narcissism,1
narcissist,3
narcissus,1
narrate,1
narration,1
narrative,2
narrator,1
narrow-minded,1
nasal,1
nascent,7
natal,3
natation,2
nationality,1
natty,4
naturally,1
nausea,2
nauseate,3
nauseous,3
nautical,4
naval,1
nave,1
navel,1
navigable,3
navigate,1
naysaying,1
naïve,2
neap,1
nebula,3
nebulous,4
necessary,1
necessitate,1
necessity,1
necrology,2
necromancer,1
necromancy,2
necropolis,1
necrosis,1
nectar,2
nectarine,1
needlework,1
needy,2
nefarious,5
negate,5
negation,3
neglect,1
neglectful,1
negligee,1
negligence,4
negligent,3
negligible,5
negotiable,1
negotiate,1
nemesis,3
neo-darwinsim,1
neo-latin,1
neocracy,1
neolithic,1
neologism,5
neology,1
neopaganism,1
neophyte,8
nepotism,3
nerve,1
nestle,1
nestling,1
net,1
nether,2
nettle,6
nettlesome,4
network,1
neural,1
neurology,1
neuter,1
neutral,1
neutralize,2
nevertheless,2
newtonian,1
nexus,4
nib,2
nibble,1
nicety,4
niggardly,3
niggle,2
nihilism,1
nihilist,4
nil,1
nimble,4
nip,2
nirvana,2
nit,1
nitpick,1
noble,1
nocturnal,4
noiseless,1
noisome,8
noisy,1
nomad,2
nomadic,2
nomenclature,2
nomic,1
nominal,9
nominate,1
nomination,1
nominee,1
non sequitur,1
non-combatant,1
non-existent,1
non-resident,1
nonchalance,3
nonchalant,4
noncommittal,2
nondescript,4
nonentity,5
nonpareil,1
nonplus,4
nonplused,1
nonplussed,4
nonsense,3
nontrivial,1
noose,2
norm,1
normalcy,1
norman,1
normative,1
nosegay,1
nostalgia,2
nostrum,4
notable,2
notation,1
notch,3
noticeable,1
notion,1
notoriety,4
notorious,2
notwithstanding,1
nourish,2
nourishment,2
nova,2
novel,4
novellette,1
novelty,2
novice,3
nowadays,1
nowhere,1
noxious,6
nuance,10
nubile,2
nucleate,1
nucleus,1
nude,1
nudge,1
nugatory,4
nuisance,1
nullify,3
numeration,1
numerical,1
numinous,1
numismatic,1
numismatist,2
nunnery,1
nuptial,3
nurse,2
nurture,4
nutrient,2
nutriment,1
nutrition,2
nutritious,2
nutritive,1
oaf,2
oaken,1
oakum,1
oasis,1
oath,3
oatmeal,2
obdurate,12
obedient,1
obeisance,4
obelisk,3
obese,3
obesity,1
obfuscate,5
obituary,4
objective,5
objector,1
objurgate,3
objurgation,1
oblation,1
obligate,1
obligatory,4
obliging,3
oblique,9
obliquity,1
obliterate,4
oblivion,3
oblivious,4
obloquy,4
obnoxious,2
obscure,8
obsequies,1
obsequious,12
obsequy,1
observance,1
observant,1
observatory,2
obsess,1
obsession,1
obsessive,2
obsidian,2
obsolescence,1
obsolescent,1
obsolete,5
obstetrician,3
obstetrics,1
obstinacy,1
obstinate,10
obstreperous,8
obstruct,2
obstruction,1
obstructionist,1
obtain,3
obtrude,4
obtrusive,2
obtuse,8
obvert,1
obviate,11
occasion,1
occident,3
occlude,8
occult,6
occupant,1
occurrence,1
octagon,1
octave,1
octavo,1
octogenarian,1
ocular,1
oculist,3
oddity,1
odds,2
ode,2
odious,6
odium,5
odoriferous,3
odorous,3
odyssey,2
off,1
off-key,1
offal,1
offbeat,1
offensive,2
offertory,1
offhand,4
officiate,1
officious,10
offish,1
offset,2
offshoot,1
ogle,2
ogre,1
ointment,1
olfaction,1
olfactory,4
oligarchy,2
olive-branch,1
ominous,8
omission,1
omnipotence,1
omnipotent,3
omnipresent,3
omniscience,2
omniscient,5
omnivorous,3
onerous,10
onomatopoeia,2
onrush,1
onset,2
onslaught,3
onus,3
ooze,2
opalescence,1
opalescent,2
opaque,11
operate,1
operative,1
operator,1
operetta,1
opiate,2
opine,3
opinion,1
opponent,1
opportune,4
opportunism,1
opportunist,3
opportunity,1
opposite,1
oppress,1
opprobrious,2
opprobrium,8
optic,1
optician,3
optics,1
optimal,1
optimism,1
optimist,2
optimum,3
option,1
optional,2
optometrist,2
optometry,1
opulence,5
opulent,2
opus,2
oracle,1
oracular,2
oral,1
orate,1
oration,3
orator,3
oratorio,4
oratory,1
ordain,3
ordeal,3
ordinal,1
ordinance,2
ordination,3
ordnance,1
orgies,1
orgy,2
orient,3
orientation,2
orifice,2
origin,1
original,2
originate,1
orison,1
ornate,7
ornery,2
ornithologist,2
ornithology,2
orotund,3
orthodox,6
orthodoxy,1
orthogonal,1
orthography,2
orthopedic,1
oscillate,5
oscillation,1
osculate,1
osseous,2
ossify,9
ostensible,4
ostensive,1
ostentation,1
ostentatious,10
ostracism,2
ostracize,6
ought,1
oust,5
out-and-out,1
out-of-the-way,1
outbreak,1
outburst,1
outcast,3
outcry,1
outdo,1
outfit,3
outgoing,3
outlandish,5
outlast,1
outlaw,3
outlive,1
outlook,2
outmaneuver,1
outmoded,2
outpost,1
outrage,3
outrageous,1
outreach,1
outride,1
outrigger,1
outright,1
outset,1
outskirt,1
outskirts,3
outspoken,2
outstretch,1
outstrip,6
outweigh,1
outwit,3
ovation,2
overbearing,4
overblown,2
overdo,1
overdose,1
overeat,1
overhang,1
overlap,1
overleap,1
overlord,1
overpass,1
overpay,1
overpower,1
overproduction,1
overreach,1
overrun,1
oversee,3
overseer,1
overshadow,3
overstride,1
overt,5
overthrow,3
overtone,1
overture,4
overturn,2
overweening,5
overweight,1
overwhelm,2
overwrought,4
ovoid,1
oxymoron,1
pachyderm,3
pacifist,3
pacify,7
pack,1
packet,1
pact,1
padding,1
paddock,1
padre,2
paean,4
pagan,1
pageant,1
painstaking,5
palatable,6
palate,3
palatial,7
palaver,3
paleontology,3
palette,4
palimpsest,4
palinode,1
pall,5
pallet,2
palliate,7
palliation,1
pallid,7
palm,1
palmy,1
palpable,5
palpitate,3
palsy,1
palter,1
paltry,3
paly,1
pamphlet,1
pamphleteer,1
pan,2
pan-american,1
panacea,7
panache,8
pancreas,1
pandemic,4
pandemonium,4
pander,2
panegyric,8
panel,2
pang,2
panic,1
panoply,4
panorama,2
panoramic,3
pantheism,1
pantheon,1
pantomime,3
pantoscope,1
pantry,1
papacy,1
papyrus,3
parable,5
paradigm,5
paradigmatic,1
paradise,1
paradox,7
paradoxical,3
paragon,10
parallel,3
parallelism,3
paralysis,1
paralyze,1
parameter,2
paramount,4
paramour,3
paranoia,3
paranoiac,1
parapet,1
paraphernalia,4
paraphrase,4
parasite,3
parch,1
parched,2
parchment,2
pare,4
paregoric,1
parentage,1
parenthesis,1
parenthetical,1
pariah,8
parish,3
parisian,1
parity,5
parlance,4
parley,5
parliament,1
parlor,1
parlous,1
parochial,6
parody,6
paronymous,1
paroxysm,4
parquet,2
parquetry,1
parricide,2
parrot,1
parry,6
parse,2
parsimonious,7
parsimony,3
partial,7
partiality,3
partible,1
participant,1
participate,1
particularize,1
partisan,10
partition,4
parturition,1
parvenu,4
pass off,1
pass\'e,1
pass_off,1
passage,1
passe,2
passible,1
passive,3
paste,2
pastiche,6
pastoral,6
pastry,2
patent,9
paternal,1
paternity,1
pathetic,2
pathogenic,1
pathological,5
pathology,1
pathos,3
patina,3
patois,2
patriarch,4
patrician,5
patricide,1
patrimony,3
patriot,1
patriotism,1
patronize,8
patronizing,1
patronymic,1
patter,1
paucity,10
paunchy,1
pauper,3
pauperism,1
pavilion,1
payee,1
peaceable,1
peaceful,1
pebble,1
peccable,1
peccadillo,7
peccant,1
peck,1
pectoral,1
peculate,1
peculation,1
peculiar,1
pecuniary,5
pedagogical,1
pedagogics,1
pedagogue,5
pedagogy,3
pedal,1
pedant,4
pedantic,11
peddle,4
peddler,1
pedestal,4
pedestrian,9
pediatrician,2
pediatrics,2
pedigree,3
pediment,1
peep,1
peer,3
peerage,1
peerless,3
peeve,1
peevish,5
pejorative,7
pelf,2
pell-mell,2
pellucid,9
pen,3
penalty,2
penance,3
penchant,10
pendant,3
pendent,1
pending,2
pendulous,4
pendulum,1
penetrable,1
penetrate,3
penetration,1
peninsular,1
penitence,1
penitent,5
penitential,1
pennant,1
pennate,1
penology,2
pension,1
pensive,4
pentad,1
pentagon,1
pentagram,1
pentahedron,1
pentameter,1
pentathlon,1
pentavalent,1
penultimate,2
penumbra,3
penurious,6
penury,7
peon,3
per se,1
perambulate,2
perceive,2
perceptible,2
perception,1
perceptive,2
percipience,1
percipient,3
percolate,1
percolator,1
percussion,3
perdition,2
peregrinate,2
peregrination,2
peremptory,7
perennial,9
perfectible,1
perfervid,1
perfidious,6
perfidy,7
perforate,4
perforce,1
perform,1
perfumery,1
perfunctory,11
perhaps,1
perigee,3
perilous,1
perimeter,3
periodical,1
periodicity,1
peripatetic,8
peripheral,7
periphery,2
perish,2
peristyle,1
perjure,1
perjury,5
perk,1
permanence,2
permanent,1
permeable,3
permeate,6
permissible,1
permissive,2
permutation,1
pernicious,9
peroration,4
perpendicular,1
perpetrate,4
perpetrator,1
perpetual,4
perpetuate,6
perquisite,5
perquisiteperquisiteright,1
persecute,1
persecution,1
perseverance,3
persevere,4
persiflage,3
persist,4
persistence,2
personable,4
personage,1
personal,1
personality,1
personify,2
personnel,1
perspective,1
perspicacious,8
perspicacity,2
perspicuity,3
perspicuous,4
perspiration,1
perspire,1
persuadable,1
persuade,1
pert,3
pertain,1
pertinacious,6
pertinacity,1
pertinent,8
perturb,6
perturbation,2
perusal,2
peruse,8
pervade,4
pervasion,1
pervasive,9
perverse,3
perversion,3
perversity,2
pervert,3
pervious,2
pessimism,3
pesticide,1
pestilence,1
pestilent,2
pestilential,3
pestle,3
peter,1
petition,1
petrify,4
petrograph,1
pettifog,1
petty,3
petulance,1
petulant,9
phalanx,4
phantasmagorical,2
pharisaical,2
pharisee,2
pharmacopoeia,1
pharmacy,1
phenomena,2
phenomenal,2
phenomenon,2
phial,1
philander,2
philanderer,2
philanthropic,2
philanthropist,4
philanthropy,2
philatelist,3
philately,1
philharmonic,1
philistine,8
philogynist,1
philologist,1
philology,4
philosophical,1
philosophize,1
philosophy,1
phlegmatic,12
phobia,2
phoenix,1
phonetic,1
phonic,1
phonogram,1
phonology,1
phony,1
phosphorescence,1
photoelectric,1
photometer,1
photometry,1
phylum,2
physicist,1
physics,1
physiocracy,1
physiognomy,3
physiography,1
physiological,2
physiology,1
physique,1
picaresque,1
picayune,4
piccolo,1
piddling,1
piebald,3
piece,1
piecemeal,3
pied,2
piety,3
pigment,3
pilfer,4
pillage,4
pillar,1
pillory,6
pilot,1
pincers,1
pinch,2
pinchers,1
pine,6
pinion,3
pinnace,2
pinnacle,6
pinpoint,1
pioneer,1
pious,8
piquant,6
pique,5
pirate,2
piscatorial,2
pitch,1
piteous,1
pitfall,2
pith,6
pithy,9
pitiable,1
pitiful,1
pitiless,2
pittance,6
pivotal,2
pixel,1
placate,12
placebo,4
placid,8
plagiarism,2
plagiarize,3
plaintive,3
plait,2
plane,1
plangent,2
planisphere,1
plantation,1
plaster,2
plastic,3
plasticity,5
plateau,1
platitude,12
platonic,2
plaudit,3
plaudits,1
plausible,6
playful,1
playwright,1
plea,1
plead,1
pleasant,1
pleasurable,1
pleat,1
plebeian,4
plebian,1
plebiscite,2
pledgee,1
pledgeor,1
plenary,3
plenipotentiary,2
plenitude,4
plenteous,1
plentitude,1
plethora,8
pliable,3
pliant,5
plight,3
plod,1
plodding,4
ploy,4
pluck,2
plucky,5
plumage,2
plumb,5
plumber,2
plume,2
plummet,8
plump,2
plunge,1
pluperfect,1
plural,1
plurality,1
plus,1
plutocracy,5
pneumatic,1
podiatrist,3
podium,3
poesy,1
poetaster,1
poetic,1
poetics,1
poignancy,4
poignant,6
poise,4
polar,3
polarity,2
polarize,6
polarized,1
polemic,6
polemical,7
polemics,1
policy,1
polished,1
politic,5
polity,3
pollen,1
pollster,1
pollute,1
pollyannaish,2
poltroon,1
polyarchy,1
polycracy,1
polygamist,2
polygamy,1
polyglot,5
polygon,1
polyhedron,1
polymath,1
polysyllable,1
polytechnic,1
polytheism,1
pommel,2
pomp,1
pomposity,4
pompous,3
ponder,1
ponderable,1
ponderous,8
pontiff,1
pontifical,3
pontificate,3
populace,1
populist,1
populous,1
porcelain,1
pore,3
porous,4
porphyry,1
porridge,2
portend,4
portent,2
portentous,4
portfolio,2
portly,2
pose,2
poseur,3
posit,6
position,1
positive,1
posse,1
possess,1
possession,1
possessive,1
possessor,1
possible,1
postdate,1
posterior,1
posterity,2
postgraduate,1
posthumous,3
postmortem,2
postprandial,1
postscript,1
postulate,4
posture,3
potable,3
potboiler,1
potency,1
potent,3
potentate,6
potential,3
potentiate,1
potion,3
potpourri,2
poultice,2
pout,1
powerless,1
powwow,2
pr\'ecis,1
practicable,3
practical,2
practice,1
practitioner,2
pragmatic,9
pragmatist,2
prairie,1
prance,2
prank,2
prate,4
prattle,6
pre-empt,1
preach,1
preamble,5
precarious,11
precaution,1
precede,1
preceded,1
precedence,1
precedent,6
precedential,1
precept,3
precession,1
precinct,2
preciosity,1
precipice,4
precipitant,3
precipitate,11
precipitation,1
precipitous,6
precis,2
precise,3
precision,2
preclude,7
precocious,7
precursor,8
predator,2
predatory,2
predecessor,5
predestine,1
predetermine,2
predicament,4
predicate,1
predict,1
prediction,1
predilection,8
predispose,2
predisposed,1
predominance,1
predominant,1
predominate,1
preeminence,1
preeminent,3
preempt,7
preemption,1
preemptive,2
preen,4
preengage,1
preestablish,1
preexist,1
preexistence,1
preface,2
prefatory,3
prefer,1
preferable,1
preference,1
preferential,1
preferment,1
prefigure,2
prefix,1
pregnant,1
prehensible,1
prehensile,3
prehension,1
prejudice,1
prelacy,1
prelate,3
prelude,3
premature,1
premeditate,4
premier,1
premise,4
premonition,3
premonitory,2
preoccupation,2
preoccupy,1
preordain,1
preparation,1
preparatory,1
preponderance,2
preponderant,2
preponderate,2
prepossessing,3
prepossession,1
preposterous,4
prerogative,3
presage,4
prescience,7
prescient,4
prescript,1
prescriptible,1
prescription,2
presentient,1
presentiment,5
presentment,1
preservation,1
preservative,1
prestige,3
presume,2
presumption,5
presumptive,1
presumptuous,11
pretend,2
pretense,2
pretension,3
pretentious,5
preternatural,6
pretext,3
prevail,6
prevalence,1
prevalent,4
prevaricate,11
prevention,1
prey,2
prickle,1
priggish,1
prim,3
prima,1
primacy,3
primal,2
primary,2
primate,2
prime,4
primer,1
primeval,1
primitive,1
primogeniture,2
primordial,3
primp,3
principal,2
principality,1
principle,1
principled,1
priory,1
pristine,12
privateer,1
privation,3
privilege,1
privity,1
privy,3
prize,2
probate,1
probation,1
probe,4
probity,11
problematic,2
proboscis,1
procedural,1
procedure,1
proceed,1
proceeding,1
proceeds,1
proclamation,1
proclivity,8
procrastinate,4
procrastination,1
proctor,1
procure,1
procurement,2
prod,3
prodigal,12
prodigious,9
prodigy,4
productive,1
profane,3
profession,1
professor,1
proffer,2
proficiency,1
proficient,3
profile,1
profiteer,1
profligacy,1
profligate,10
profound,5
profundity,2
profuse,7
profusion,5
progenitor,3
progeny,3
prognathous,1
prognosis,2
prognosticate,3
prognostication,2
progression,1
prohibition,1
prohibitionist,1
prohibitive,4
prohibitory,1
project,1
projectile,2
projection,2
proletarian,5
proliferate,9
prolific,5
prolix,5
prolixity,4
prologue,5
prolong,4
promenade,1
prominence,1
prominent,3
promiscuous,4
promissory,1
promontory,3
promote,2
promoter,1
prompt,2
promulgate,6
prone,3
prong,2
pronounced,3
proofread,1
prop,1
propaganda,1
propagate,7
propel,1
propellant,3
propeller,1
propensity,9
property,1
prophecy,1
prophesy,1
prophetic,5
prophylactic,2
propinquity,2
propitiate,10
propitious,9
proponent,5
proportionate,1
propound,2
propriety,10
propulsion,1
propulsive,2
prorogue,1
prosaic,9
proscenium,3
proscribe,8
proscription,1
prosecution,1
proselyte,1
proselytize,6
prosody,3
prospect,1
prospective,3
prospector,1
prospectus,1
prosper,2
prosperity,2
prosperous,3
prostrate,4
prot\'eg\'e,1
protagonist,3
protean,5
protection,1
protective,1
protector,1
protege,2
protestant,1
protocol,4
protomartyr,1
protoplasm,1
prototype,3
protract,4
protrude,4
protrusion,1
protuberance,3
protuberant,2
protuberate,1
provenance,2
provender,3
proverb,3
providence,2
provident,6
providential,4
provincial,9
provision,2
provisional,5
proviso,2
provisory,1
provocation,1
provocative,3
provoke,2
prowess,6
prowl,1
proximately,1
proximity,2
proxy,6
prude,4
prudence,1
prudent,7
prudential,1
prudery,1
prudish,1
prune,4
prurient,4
pry,3
précis,1
pseudapostle,1
pseudonym,4
pseudonymity,1
psyche,2
psychiatrist,2
psychiatry,1
psychic,3
psychology,1
psychopathic,3
psychosis,2
psychosomatic,2
psychotherapy,1
pterodactyl,2
pucker,4
puckish,1
pudding,2
pudgy,1
puerile,9
pugilism,1
pugilist,3
pugnacious,7
pugnacity,2
puissance,2
puissant,6
pulchritude,5
pulmonary,3
pulpit,2
pulsate,2
pulse,2
pulverize,3
pummel,3
pun,1
punch line,1
punctilious,8
punctual,1
pundit,7
pungency,1
pungent,7
punitive,3
puny,3
pupilage,1
purblind,1
purchase,2
purgatory,3
purge,2
purity,1
purl,1
purlieu,1
purloin,3
purport,4
purported,1
purse,3
pursuant,1
purvey,2
purveyor,2
purview,1
pushy,2
pusillanimous,6
putative,2
putrefy,3
putrescent,3
putrid,2
puzzle,2
pyre,1
pyromania,1
pyromaniac,2
pyrotechnic,1
pyrrhic,2
pyx,1
quack,3
quadrate,1
quadruped,2
quadruple,1
quaff,5
quagmire,3
quail,6
quaint,2
qualification,2
qualified,3
qualify,8
qualm,6
qualms,1
quandary,8
quantity,1
quarantine,5
quarrelsome,1
quarry,3
quarter,1
quarterly,1
quartet,1
quarto,1
quash,4
quaver,1
quay,3
queasy,2
queer,2
quell,4
quench,3
querulous,9
query,4
queue,5
qui vive,1
quibble,7
quicksilver,2
quiescence,2
quiescent,8
quiet,1
quietude,2
quietus,1
quintessence,3
quintessential,1
quintet,1
quip,5
quirk,2
quirky,1
quisling,4
quite,1
quiver,2
quixotic,9
quizzical,2
quorum,2
quota,1
quotidian,8
rabble,3
rabid,4
rabies,2
raconteur,7
racy,2
radiance,1
radiate,1
radical,2
radix,1
raffish,3
raffle,3
raft,2
rafter,1
rag,2
ragamuffin,2
rage,1
ragged,1
rail,4
raillery,3
raiment,4
raisin,1
rake,2
rakish,6
rally,2
ram,2
ramble,3
rambunctious,1
ramification,3
ramify,4
ramose,1
ramp,2
rampant,4
rampart,5
ramshackle,3
rancid,2
rancor,5
rancorous,2
random,2
randomize,1
range,1
ranger,1
ranging,1
rank,2
rankle,7
ranks,1
ransack,2
rant,3
rapacious,5
rapid,1
rapine,1
rapport,3
rapprochement,4
rapscallion,1
rapt,5
raptorial,1
rapture,2
rare,2
rarefied,7
rarefy,3
rash,3
rasp,2
raspy,3
ratify,4
ratiocination,3
ration,4
rational,3
rationale,2
rationalism,2
rationalization,1
rationalize,3
rationlize,1
raucous,5
ravage,4
rave,3
ravel,4
ravening,1
ravenous,5
ravine,3
ravish,1
raze,4
reactant,2
reaction,1
reactionary,5
readily,1
readjust,1
readjustment,1
ready,1
realism,1
realm,2
ream,1
reap,2
reaper,2
rearrange,1
reassure,2
rebate,2
rebellious,1
rebuff,4
rebuild,1
rebuke,6
rebus,3
rebut,2
rebuttal,2
recalcitrant,7
recant,7
recapitulate,4
recapitulation,2
recapture,1
recast,2
recede,1
receivable,1
receptive,3
recess,2
recession,2
recessive,2
recherche,1
recidivism,3
recidivist,1
recipient,2
reciprocal,3
reciprocate,4
reciprocity,1
recital,2
recitation,1
recite,2
reck,1
reckless,2
reckon,2
reclaim,1
recline,3
recluse,8
reclusory,1
recognizance,1
recognize,1
recoil,2
recollect,1
reconcilable,1
reconcile,7
reconciliation,1
recondite,11
reconnaissance,3
reconnoiter,2
reconsider,1
reconstitute,1
reconstruct,1
reconvene,1
recount,2
recourse,5
recover,1
recovering,1
recreant,3
recreate,1
recrimination,4
recrudesce,3
recrudescence,2
recrudescent,2
recruit,1
rectify,4
rectitude,4
recumbent,3
recuperate,4
recur,1
recure,1
recurrent,3
recusant,1
redemption,1
redistribution,1
redolence,1
redolent,5
redoubtable,9
redound,2
redress,7
reduce,2
reducible,1
redundance,1
redundant,4
reek,2
reel,1
reestablish,1
refection,1
refectory,3
refer,1
referable,1
referee,2
referendum,2
referrer,1
refine,2
refinery,1
reflect,2
reflectible,1
reflection,1
reflector,1
reflexible,1
reform,1
reformer,1
refract,1
refraction,2
refractory,9
refragable,1
refrain,2
refringency,1
refringent,1
refulgent,5
refurbish,2
refusal,1
refuse,2
refutation,1
refute,11
regal,2
regale,2
regatta,2
regenerate,2
regeneration,2
regent,3
regicide,3
regime,3
regimen,4
regiment,3
register,1
regnant,1
regress,3
regretful,1
rehabilitate,4
rehearsal,1
reign,2
reimburse,3
rein,2
reinstate,3
reintegrate,1
reiterate,5
rejoice,1
rejoin,1
rejoinder,5
rejuvenate,3
rejuvenescence,1
relapse,4
release,1
relegate,10
relent,5
relentless,1
relevancy,1
relevant,6
reliance,1
reliant,1
relic,2
religion,1
religious,2
relinquish,5
reliquary,1
relish,6
reluctance,1
reluctant,2
remediable,2
remedial,4
remembrance,1
reminiscence,3
reminiscent,3
remiss,7
remission,4
remit,2
remittance,2
remnant,2
remodel,2
remonstrance,2
remonstrant,1
remonstrate,6
remorse,3
remote,2
remunerate,2
remuneration,4
remunerative,2
renaissance,2
rend,5
render,5
rendezvous,3
rendition,3
renegade,4
renege,6
renounce,5
renovate,4
renown,2
rent,2
renunciation,2
reorganize,1
reparable,3
reparation,3
repartee,4
repast,5
repatriate,1
repeal,5
repel,4
repellent,3
repentance,1
repercussion,3
repertoire,5
repertory,1
repetition,1
repine,5
replenish,4
replete,8
replica,3
replicate,2
reportage,1
repose,5
repository,3
reprehend,2
reprehensible,4
reprehension,1
representational,2
repress,4
repressible,1
reprieve,4
reprimand,3
reprisal,5
reprise,3
reproach,11
reprobate,9
reprobation,3
reproduce,1
reproduction,1
reproof,2
reprove,3
reptile,1
repudiate,12
repugnance,3
repugnant,4
repulse,4
repulsion,2
repulsive,1
reputable,2
repute,3
reputed,1
requiem,3
requisite,4
requisition,2
requital,1
requite,6
rescind,11
rescission,1
reseat,1
resemblance,1
resent,1
resentment,2
reservation,2
reserve,2
reserved,1
reservoir,1
residual,2
residue,4
resign,3
resignation,4
resilience,1
resilient,3
resin,1
resistant,1
resistive,1
resistless,1
resolute,3
resolution,4
resolve,5
resonance,1
resonant,4
resonate,1
resort,2
resound,2
resource,3
resourceful,3
respectively,2
respiration,2
respire,1
respite,7
resplendent,4
respondent,1
responsive,1
responsiveness,2
restitution,4
restive,8
restless,1
restrain,1
restrained,1
restraint,2
resumption,3
resurge,1
resurgence,1
resurgent,5
resurrect,3
resuscitate,3
retain,2
retainer,2
retaliate,4
retard,4
retch,1
retention,1
retentive,3
reticence,2
reticent,13
reticulate,1
retinue,5
retiring,6
retort,5
retouch,2
retrace,1
retract,6
retraction,1
retrench,5
retribution,3
retrieve,3
retroactive,3
retrograde,4
retrogression,1
retrospect,1
retrospective,5
reunite,1
revamp,1
revelation,1
revelry,4
revenge,1
reverberate,2
revere,3
reverend,2
reverent,9
reverie,3
reversion,1
revert,3
revile,3
reviler,1
revisal,1
revise,2
revive,1
revocation,1
revoke,4
revolt,1
revulsion,3
rhapsodize,3
rhapsody,4
rhetoric,9
rhetorician,1
rheumy,1
ribald,8
rickety,3
riddance,1
ridden,1
riddle,2
rider,4
ridicule,2
ridiculous,1
rife,5
rift,4
rig,2
righteous,2
righteousness,1
rightful,3
rigid,2
rigmarole,1
rigor,4
rigorous,1
rile,6
rime,1
riot,1
rip,2
ripen,1
ripple,1
ripplet,1
risible,2
rite,1
rive,1
rivet,2
riveting,3
rivulet,4
roan,1
robust,7
rococo,5
rodent,1
roil,4
roister,2
rolling,2
romp,2
rondo,1
rood,1
rookery,1
rookie,1
rooster,2
roseate,3
roster,3
rostrum,3
rotary,1
rotate,1
rote,3
rotund,3
rotunda,2
rotundity,2
roue,2
rouse,1
rousing,2
rout,3
row,2
royalty,1
rubble,2
rubicund,2
rubric,4
ruddy,2
rudiment,1
rudimentary,8
rue,6
rueful,1
ruffian,3
ruffle,1
rumble,2
ruminant,3
ruminate,6
rummage,2
rumple,1
run,1
run-down,1
runic,3
rupture,2
ruse,4
rustic,7
rusticate,2
rustle,3
ruth,1
ruthless,2
sabbatical,1
sabotage,1
saboteur,2
saccharine,3
sacerdotal,1
sacrifice,1
sacrificial,1
sacrilege,2
sacrilegious,3
sacrosanct,4
saddle,1
sadistic,3
safeguard,2
saffron,1
saga,2
sagacious,8
sage,5
salacious,3
salience,1
salient,8
saline,3
sallow,2
salmon,1
salubrious,8
salutary,6
salutation,2
salutatory,2
salvage,4
salve,2
salver,1
salvo,1
sanctify,1
sanctimonious,8
sanction,12
sanctity,1
sanctuary,3
sand,1
sang-froid,1
sangfroid,2
sanguinary,3
sanguine,9
sanguineous,1
sanitation,1
sap,4
sapid,2
sapience,1
sapient,3
sapiential,1
saponaceous,1
sarcasm,4
sarcophagus,2
sardonic,7
sartorial,5
sate,4
satellite,2
satiate,8
satiety,1
satire,6
satiric,1
satirical,3
satirize,2
satrap,1
saturate,5
saturnine,6
satyr,3
saunter,3
savage,1
savanna,1
savant,5
savoir-faire,1
savor,6
savory,3
savvy,3
sawdust,1
scabbard,5
scad,2
scads,1
scaffold,2
scale,4
scalpel,1
scan,1
scant,3
scanty,2
scapegoat,2
scarce,1
scarcity,1
scarify,1
scathing,3
scavenge,2
scavenger,1
scenario,2
schadenfreude,2
schematic,2
scheme,3
schism,6
scholarly,3
scholastic,1
school,1
scintilla,5
scintillate,4
scintillating,4
sciolism,1
scion,3
scission,1
scissor,1
scoff,4
scooter,1
scope,1
scorch,3
score,3
scorn,2
scotch,3
scoundrel,1
scour,1
scourge,2
scowl,3
scrap,3
scrappy,3
scraps,2
scrawl,1
screech,2
screed,3
scribble,2
scribe,1
scrimmage,2
script,2
scriptural,1
scruple,3
scrupulous,9
scrutinize,4
scuff,1
scuffle,2
scullion,1
sculpt,1
scurrilous,4
scurry,2
scurvy,4
scuttle,3
scythe,2
seamy,3
seance,1
sear,3
searchingly,1
seascape,1
season,2
seasonable,2
seasonal,2
seasoned,2
sebaceous,2
secant,1
secede,1
secession,3
seclude,1
secluded,1
seclusion,3
second-rate,1
secondary,1
secondly,1
secrecy,1
secrete,6
sect,2
sectarian,2
secular,4
sedate,4
sedative,1
sedentary,4
sediment,2
sedition,5
seditious,1
seduce,4
sedulous,11
seedy,2
seemly,4
seep,2
seer,1
seethe,4
segment,1
seignior,1
seine,3
seismic,2
seismograph,1
seize,1
selective,3
self-abasement,1
self-absorbed,1
self-indulgence,2
self-respect,1
self-righteous,2
semantic,1
semblance,6
semiannual,1
semicircle,1
semicivilized,1
semiconscious,1
seminal,3
seminar,1
seminary,4
senescence,1
senile,1
senility,2
sensation,2
sensational,1
sense,1
sensibility,1
sensitive,2
sensitization,2
sensorium,1
sensual,3
sensuous,3
sentence,1
sententious,5
sentience,1
sentient,6
sentimental,5
sentinel,5
separable,1
separate,1
separatist,1
septennial,1
septic,3
sepulcher,3
sepulchral,1
sequacious,1
sequel,1
sequela,1
sequence,1
sequent,1
sequester,4
sequestrate,1
seraph,2
seraphic,2
sere,3
serendipitous,1
serendipity,5
serene,4
serenity,3
serfdom,1
sergeant,1
sergeant-at-arms,1
sergeant-major,1
sermon,1
serpentine,3
serrate,1
serrated,2
serried,2
service,1
serviceable,1
servile,3
servitude,3
sever,4
severance,2
severe,1
severely,1
severity,2
sextant,3
sextet,1
sextuple,1
shack,2
shackle,3
shade,2
shadow,1
shale,1
shallow,1
sham,4
shambles,2
shangri-la,1
shard,6
shaving,2
sheaf,2
shear,2
sheathe,2
shed,2
sheer,3
sherbet,3
shibboleth,1
shift,2
shiftless,2
shimmer,2
shipshape,1
shirk,4
shoal,2
shoddy,2
shoot,2
shopworn,1
shove,2
shred,1
shrew,2
shrewd,4
shriek,1
shrill,1
shrine,1
shrinkage,1
shrivel,3
shrug,1
shudder,2
shuffle,3
shun,3
shunt,2
shyster,2
sibilance,1
sibilant,2
sibilate,1
sibling,2
sibylline,2
sidelong,1
sidereal,4
sidestep,1
sidetrack,2
siege,2
sift,2
signal,1
significance,1
significant,3
signification,1
silt,2
simian,2
similar,1
simile,3
similitude,2
simper,4
simpleton,1
simplify,1
simplistic,2
simulacrum,2
simulate,4
simultaneous,3
sin,1
sincere,1
sinecure,10
sinew,1
sinewy,2
singe,2
singular,3
sinister,3
sinuosity,1
sinuous,6
sinus,1
sip,1
siren,4
sirocco,2
sisterhood,1
skeleton,1
skeptic,6
skepticism,1
skiff,3
skill,1
skim,2
skimp,3
skinflint,2
skirmish,4
skirt,3
skit,1
skittish,5
skulduggery(skullduggery),1
skulk,2
skullduggery,1
slab,1
slack,4
slacken,2
slag,2
slake,5
slander,3
slant,1
slap,1
slapdash,4
slate,1
slattern,1
slaughter,2
slavish,2
slay,1
sleazy,2
sledge,2
sleek,2
sleeper,2
sleigh,2
sleight,4
slew,5
slick,2
slight,7
sling,1
slink,2
slippery,1
slipshod,3
slither,2
sloppy,1
sloth,3
slothful,2
slouch,1
slough,2
slovenly,4
sluggard,4
sluggish,4
sluice,3
slumber,1
slur,2
sly,2
smarmy,1
smart,2
smattering,6
smear,1
smelt,2
smirk,3
smolder,2
smother,3
smudge,2
smug,5
smuggle,1
snare,1
snarl,1
sneak,2
sneer,1
snicker,2
snide,2
snip,2
snivel,2
snobbish,1
snub,5
snuffle,1
soak,1
soar,1
sob,1
sober,3
sobriety,2
sobriquet,3
sociable,1
socialism,1
socialist,1
sociology,1
sodden,2
sojourn,2
sol,1
solace,4
solar,1
solder,4
soldier,1
solecism,7
solemnity,3
solicit,1
solicitious,1
solicitor,3
solicitous,8
solicitude,3
solidarity,1
solidify,1
soliloquy,6
solitude,3
solstice,3
soluble,3
solvent,6
somatic,4
somber,5
somnambulist,2
somniferous,1
somnolence,2
somnolent,5
sonata,2
sonic,2
sonnet,4
sonorous,5
soothe,1
soothsayer,3
sop,1
sophism,1
sophist,2
sophisticate,1
sophisticated,3
sophistication,2
sophistry,5
sophomoric,1
soporific,10
soprano,1
sorcery,1
sordid,8
sound,5
soupcon,1
sour,2
south america,1
souvenir,1
sovereign,2
sovereignty,2
sow,2
spangle,3
spare,2
sparing,1
sparse,7
spartan,9
spasmodic,3
spat,4
spate,5
spatial,2
spatula,2
spawn,2
spearhead,1
specialize,1
specialty,1
specie,1
species,1
specific,1
specimen,1
specious,12
speck,2
spectator,2
specter,1
spectral,3
spectrum,5
speculate,3
speculator,1
speechless,2
spelunker,1
spendthrift,8
spent,1
sphericity,1
spheroid,1
spherometer,1
sphinx-like,1
spin,2
spindly,1
spinous,1
spinster,1
spiny,1
spire,1
spleen,1
splenetic,3
splice,3
splint,1
spoilsport,2
spoke,1
spoliation,1
spontaneity,2
spontaneous,2
spoof,3
spoonerism,2
sporadic,10
sportive,4
sprain,1
sprightly,3
sprout,2
spruce,2
spry,2
spume,1
spur,1
spurious,10
spurn,6
squabble,4
squalid,6
squall,1
squalor,3
squander,6
squash,2
squat,3
squatter,1
squeamish,3
squelch,6
squint,1
stabilize,1
staccato,2
stagnant,3
stagnate,1
stagnation,1
stagy,1
staid,6
stake,1
stalemate,2
stallion,1
stalwart,6
stamina,3
stammer,3
stamp,2
stampede,2
stanch,4
stanchion,1
standing,1
standstill,2
stanza,5
stark,1
start,4
startle,1
stasis,2
statecraft,1
stately,2
static,6
statics,1
stationary,1
statistician,1
statuesque,1
statuette,1
stature,2
status quo,1
statute,3
statutory,2
staunch,3
steadfast,6
stealth,4
steep,4
steeped,1
stein,1
stellar,3
stem,4
stench,3
stencil,1
stentorian,6
steppe,1
stereotype,2
stereotyped,1
sterile,3
sterling,1
stern,1
stertorous,1
stevedore,1
stickler,3
stiff,1
stifle,5
stigma,7
stigmatize,2
stiletto,1
stilted,3
stimulant,1
stimulate,1
stimulus,1
stingy,3
stink,2
stint,6
stinting,1
stipend,5
stipple,3
stipulate,6
stitch,1
stock,4
stockade,3
stodgy,3
stoic,6
stoicism,1
stoke,3
stolid,11
stomach,1
stonewall,1
stoop,2
stout,2
stouthearted,1
stowaway,1
straggle,2
straight,1
strait,2
strand,1
strangle,2
stratagem,5
stratified,1
stratify,1
stratum,5
stray,1
streamlet,1
strength,1
strew,1
striate,3
striated,1
stricture,5
stride,1
strident,3
strife,1
strike,1
stringency,1
stringent,7
strip,1
stripling,1
strut,4
studied,1
studio,1
studious,2
stultify,8
stumble,1
stump,2
stun,1
stunt,1
stupefy,2
stupendous,2
stupor,4
sturdy,2
stygian,2
stylus,1
stymie,7
suasion,1
suave,2
suavity,3
sub rosa,1
subacid,1
subaltern,3
subaquatic,1
subconscious,1
subdue,2
subjacent,1
subject,1
subjection,1
subjective,5
subjugate,5
sublimate,3
sublime,6
subliminal,5
sublingual,1
submarine,1
submerge,3
submergence,1
submersible,1
submersion,1
submission,1
submissive,2
submittal,1
subordinate,4
suborn,1
subpoena,6
subsequent,3
subservience,1
subservient,5
subside,7
subsidiary,3
subsidy,3
subsist,1
subsistence,3
substantial,3
substantiate,6
substantive,4
subsume,4
subtend,1
subterfuge,7
subterranean,1
subtle,5
subtlety,3
subtrahend,1
subversion,1
subversive,6
subvert,4
succeed,1
succeeding,1
success,1
successful,1
successor,1
succinct,5
succor,4
succulent,3
succumb,2
suckle,1
sudorific,1
sufferance,1
sufficiency,1
sufficient,1
suffocate,2
suffrage,2
suffragist,1
suffuse,4
suggestible,1
suggestive,1
suitor,1
sulk,1
sullen,4
sully,5
sultry,3
summary,2
summation,2
summit,3
summon,1
sumptuary,1
sumptuous,4
sunder,3
sundry,3
superabundance,1
superadd,1
superannuate,1
superannuated,3
superb,1
superbly,1
supercilious,8
supererogatory,1
superficial,5
superfluity,2
superfluous,9
superheat,1
superimpose,3
superintend,1
superintendence,1
superintendent,1
superlative,1
supernal,1
supernatural,1
supernumerary,3
supersede,6
supine,5
supplant,11
supple,5
supplement,1
supplementary,1
suppliant,3
supplicant,2
supplicate,6
supposition,4
supposititious,2
suppress,3
suppressible,1
suppression,1
suppurate,1
supramundane,1
surcease,1
surcharge,2
surety,1
surfeit,9
surge,1
surly,7
surmise,4
surmount,3
surpass,1
surrender,1
surreptitious,10
surrogate,3
surround,1
surveillance,2
surveyor,1
susceptibility,2
susceptible,2
suspect,1
suspend,2
suspended,1
suspense,2
suspension,1
suspicious,1
sustain,1
sustenance,3
suture,3
svelte,1
swagger,2
swamp,1
swarm,1
swarthy,2
swathe,2
sway,1
swear,2
swear-word,1
swell,1
swelter,2
sweltering,1
swerve,3
swill,2
swindle,2
swindler,1
swing,1
swipe,1
sybarite,8
sycophant,9
sycophantic,1
syllabic,1
syllabication,1
syllable,1
syllabus,2
syllogism,4
sylph,1
sylvan,2
symbiosis,4
symmetrical,1
symmetry,5
sympathetic,1
sympathize,1
symphonic,1
symphonious,1
symphony,2
synchronism,1
synchronous,4
syncopated,1
syndicate,1
syneresis,1
synergic,1
synergy,1
synod,1
synonym,1
synonymous,1
synopsis,2
synoptic,3
syntax,1
synthesis,3
synthesize,1
synthetic,2
systematic,1
table,1
tableau,1
tablet,1
tacit,10
taciturn,11
tack,1
tackle,1
tact,7
tactful,1
tactician,1
tactics,1
tactile,3
tactless,1
tadpole,1
taint,2
tainted,1
takeoff,1
talisman,3
talon,3
tambourine,1
tamper,1
tan,1
tangency,1
tangent,3
tangential,4
tangible,4
tangy,1
tanner,1
tannery,1
tantalize,5
tantalizing,1
tantamount,7
tantrum,3
taper,2
tapestry,1
tarantula,2
tardy,2
tarn,1
tarnish,6
tarpaulin,1
tarry,2
tart,1
tasty,1
tatter,1
tatterdemalion,1
tatty,1
taunt,2
taut,4
tautological,2
tautology,2
tawdry,8
tawny,1
taxation,1
taxidermy,1
taxing,3
taxonomist,1
taxonomy,1
tear,1
technic,1
technicality,1
technique,1
technography,1
technology,1
tedious,2
tedium,2
teem,2
teeter,1
teetotalism,2
teleology,1
telepathy,1
telephony,1
telescope,1
telling,3
telltale,3
temerarious,1
temerity,8
temper,4
temperament,1
temperance,4
temperate,4
tempered,2
tempestuous,5
tempo,2
temporal,4
temporary,1
temporize,5
tempt,1
tempter,1
tenable,3
tenacious,8
tenacity,3
tenancy,1
tenant,2
tend,1
tendency,1
tendentious,7
tender,5
tenebrous,1
tenet,3
tenor,1
tense,1
tensile,1
tension,1
tentative,5
tenuous,8
tenure,3
tepid,4
tercentenary,1
tergiversation,1
termagant,2
terminal,2
terminate,1
termination,2
terminology,3
terminus,4
terrapin,1
terrestrial,3
terrify,1
territorial,1
territory,1
terror,1
terse,7
tertiary,2
tessellated,2
testament,1
testator,5
testimonial,1
testimony,1
testy,3
tether,3
thaumaturgist,1
thearchy,1
theatrical,1
theism,1
thematic,1
theocracy,4
theocrasy,1
theologian,1
theological,1
theology,2
theoretical,2
theorist,1
theorize,1
theory,1
theosophy,1
therapeutic,3
thereabout,1
therefor,1
thermal,3
thesis,1
thespian,1
thorny,1
thorough,1
thoroughbred,1
thoroughfare,1
thoroughgoing,2
thrall,4
thrash,1
threadbare,3
threat,1
threnody,1
thresh,1
thrifty,3
thrive,1
throb,1
throes,2
throng,3
throttle,2
thwart,5
thyme,1
tickle,1
ticklish,1
tide,1
tiff,1
tightfisted,1
tightwad,1
tiller,1
tilth,1
timbre,3
timely,1
timeworn,1
timid,1
timidity,2
timorous,9
tincture,1
tinge,3
tinker,1
tint,2
tipple,2
tipsy,1
tirade,11
tireless,1
tiresome,1
titanic,3
tithe,2
titillate,2
title,1
titter,1
titular,2
toady,5
tocsin,1
toga,2
toil,1
toilsome,1
token,2
tolerable,1
tolerance,1
tolerant,1
tolerate,1
toleration,1
toll,1
tome,4
tong,1
tonic,1
tonsorial,1
tonsure,2
topography,3
topple,1
topsoil,1
topsy-turvy,1
tornado,1
torpedo,1
torpid,3
torpor,9
torque,4
torrent,1
torrential,1
torrid,4
torso,2
tortilla,1
tortious,1
tortuous,10
torturous,1
toss,1
totem,1
totter,1
touching,1
touchstone,2
touchy,2
tour,1
tourniquet,1
tout,8
toxic,2
toy,1
tract,3
tractable,10
trade,1
traduce,3
trait,1
trajectory,3
trammel,1
tramp,1
trample,1
trance,1
tranquil,3
tranquility,2
tranquilize,1
tranquillity,2
transact,1
transalpine,1
transatlantic,1
transcend,4
transcendent,2
transcendental,1
transcribe,2
transfer,1
transferable,1
transferee,1
transference,1
transferrer,1
transfigure,2
transfuse,1
transfusible,1
transfusion,1
transgress,2
transgression,5
transience,1
transient,9
transition,3
transitory,7
translate,1
translator,1
translucence,1
translucent,4
transmissible,1
transmission,1
transmit,1
transmute,5
transparent,4
transpire,3
transplant,1
transport,1
transpose,1
transposition,1
transverse,1
trappings,2
traumatic,2
travail,6
traverse,3
travesty,8
treacherous,5
treachery,1
treacle,1
treacly,1
tread,2
treasonable,1
treasure,1
treasurer,1
treatise,4
treaty,1
treble,1
trebly,1
trek,2
tremendous,1
tremor,3
tremulous,3
trenchant,10
trencherman,1
trepidation,5
trespass,1
trestle,1
triad,1
tribulation,4
tribunal,3
tribune,2
tribute,3
trickery,1
trickle,2
trickster,1
tricolor,1
tricycle,1
trident,3
triennial,1
trifle,1
trifling,3
trigger,1
trilogy,2
trim,1
trimness,1
trinity,1
trinket,1
trio,1
triple,1
triplet,1
triplicate,1
triplicity,1
tripod,1
trisect,1
trite,9
triumvir,1
triumvirate,1
trivia,1
trivial,4
troglodyte,1
trope,1
trophy,1
troth,3
troublesome,1
trough,1
troupe,1
truant,1
truce,1
truckle,1
truculence,6
truculent,7
trudge,1
truism,3
trumpery,1
trumpet,1
truncate,5
truncated,1
trunk,1
truss,1
truthful,1
tryst,2
tugboat,1
tumbrel,1
tumid,2
tumult,4
tumultuous,1
tundra,2
turbid,5
turbulence,2
turbulent,2
tureen,3
turgid,10
turmoil,2
turncoat,2
turnkey,1
turpitude,9
turquoise,1
turret,1
tutelage,4
tutelar,1
tutelary,2
tutorship,1
twig,1
twinge,1
tycoon,1
typhoon,1
typical,1
typify,1
typo,1
typographical,1
typography,1
tyrannical,1
tyranny,2
tyro,9
ubiquitious,1
ubiquitous,7
ukase,1
ulcer,1
ulterior,5
ultimate,3
ultimatum,3
ultramontane,1
ultramundane,1
umbrage,8
unaccountable,2
unadorned,1
unaffected,2
unalloyed,1
unanimity,4
unanimous,1
unassailable,4
unassuaged,1
unassuming,3
unassured,1
unavoidable,1
unbearable,1
unbecoming,1
unbelief,1
unbiased,1
unbridled,3
uncanny,5
unceremonious,1
uncommon,1
uncompromising,2
unconscionable,7
unconscious,1
uncouch,1
uncouth,3
unction,4
unctuous,5
undeceive,1
undercharge,1
undercut,1
underdog,1
underexposed,1
undergarment,1
undergird,1
underhand,1
underhanded,1
underlie,1
underling,1
underlying,1
underman,1
undermine,8
underrate,1
underscore,7
undersell,1
undersized,1
understate,3
understated,2
understudy,1
undertake,1
undertaker,1
undertaking,1
undervalue,1
underworld,1
underwrite,3
undue,1
undulate,2
undulating,1
undulous,1
unearth,3
unearthly,2
unequivocal,5
unerringly,1
unexceptionable,3
unfaltering,3
unfavorable,1
unfeigned,2
unfetter,1
unfettered,1
unflappable,3
unfledged,1
unforthcoming,2
unfrock,1
ungainly,5
unguent,3
unicellular,1
uniformity,1
unify,1
unilateral,2
unimpeachable,6
uninhibited,1
unintimating,1
unique,3
unison,3
unisonant,1
unitarian,1
univalence,1
universal,2
unkempt,3
unlawful,1
unlettered,1
unlimited,1
unmitigated,3
unnatural,1
unnecessary,1
unnerve,2
unobtrusive,1
unprecedented,5
unprepossessing,3
unpretentious,1
unproductive,1
unpropitious,2
unravel,1
unregenerate,1
unremitting,1
unrequited,2
unruly,5
unsavory,1
unscathed,1
unscrupulous,3
unseemly,7
unsettle,1
unsightly,1
unsophisticated,1
unsparing,1
unspeakable,1
unstinting,2
unsullied,2
untempered,1
untenable,7
untimely,1
untold,1
untoward,7
untrammeled,2
unutterable,1
unviable,2
unwarranted,1
unwieldy,2
unwise,1
unwitting,3
unwonted,4
unyoke,1
up-keep,1
upbraid,10
upcast,1
upheaval,1
upheave,1
uphold,1
uppermost,1
upright,1
uproar,1
uproarious,2
uproot,1
upshot,2
upturn,1
urban,1
urbane,7
urbanity,1
urchin,2
urge,1
urgency,1
urgent,1
ursine,2
usage,2
usufruct,1
usurious,1
usurp,4
usurpation,1
usury,6
utilitarian,1
utilitarianism,1
utility,1
utmost,1
utopia,2
utter,2
utterly,1
uxorious,2
vacate,2
vaccinate,2
vacillate,11
vacillation,1
vacuous,6
vacuum,1
vagabond,1
vagary,3
vagrant,1
vague,1
vain,1
vainglorious,2
vainglory,1
valance,1
vale,1
valediction,2
valedictorian,1
valedictory,2
valetudinarian,1
valiant,1
valid,2
validate,1
valor,1
valorous,1
vampire,1
vanguard,2
vanquish,4
vantage,1
vapid,5
vaporize,1
vaporizer,1
variable,1
variance,4
variant,1
variation,1
variegate,1
variegated,2
variegation,1
varnish,1
vassal,3
vat,1
vaudeville,1
vault,1
vaunt,2
vaunted,2
veer,2
vegetal,1
vegetarian,1
vegetate,2
vegetation,1
vegetative,1
vehement,5
vellum,1
velocity,1
velvety,1
venal,4
venality,3
vendetta,1
vendible,1
vendition,1
vendor,2
veneer,5
venerable,3
venerate,10
venerated,1
venereal,1
venial,6
venison,1
venom,2
venous,1
vent,1
ventral,1
venture,1
venturous,1
veracious,7
veracity,7
verbatim,3
verbiage,2
verbose,8
verdant,5
verdigris,1
verification,1
verify,2
verily,1
verisimilar,2
verisimilitude,4
veritable,6
verity,2
vermicular,1
vermin,1
vernacular,2
vernal,3
versatile,4
verse,1
version,1
vertex,2
vertical,1
vertiginous,1
vertigo,3
verve,2
vessel,1
vestige,6
vestigial,1
vestment,2
veteran,1
veto,2
vex,3
vexation,4
via,1
viable,6
viand,1
vicarious,5
viceroy,1
vicious,1
vicissitude,7
victimize,1
victuals,1
vie,4
vigilance,2
vigilant,5
vignette,2
vigor,1
vigorous,1
vilify,6
vim,3
vincible,1
vindicate,5
vindicative,1
vindicatory,1
vindictive,4
vinery,1
vintage,1
vintner,1
viol,1
viola,1
violation,1
violator,1
violoncello,1
viper,1
virago,4
virile,2
virtu,1
virtual,2
virtuoso,5
virtuous,1
virulence,1
virulent,5
virus,1
visage,3
viscid,3
viscount,1
viscous,6
visionary,3
vista,1
visual,1
visualize,1
vitality,4
vitalize,1
vitiate,6
vitreous,1
vitrify,1
vitriol,3
vitriolic,5
vituperable,1
vituperate,6
vituperative,1
vivacious,3
vivacity,1
vivify,1
vivisection,2
vocable,1
vocative,1
vociferance,1
vociferate,1
vociferous,9
vogue,2
volant,1
volatile,8
volition,3
volitive,1
volubility,2
voluble,7
voluminous,1
voluptuous,2
voracious,6
vortex,1
votary,3
votive,1
vouch,1
vouchsafe,1
vulgar,1
vulgarity,1
vulnerable,2
waddle,1
wade,1
waffle,4
waft,3
wag,2
wage,1
waggish,2
waif,2
waistcoat,1
waive,4
wake,1
wallow,1
wampum,1
wan,4
wander,1
wanderlust,2
wane,7
wangle,1
want,1
wanting,2
wanton,7
wantonness,1
warble,2
ward,1
wardrobe,1
warlike,1
warmonger,1
warp,2
warrant,3
warranted,3
warranty,2
warren,1
wary,6
wastrel,3
watershed,1
wavelet,1
waver,3
wax,5
way,1
waylay,3
wayward,1
weak-kneed,1
weal,1
wean,2
wearisome,1
weary,2
weather,2
wee,1
weigh,1
weird,1
welkin,1
well-bred,2
well-doer,1
well-to-do,1
welt,2
welter,5
wheedle,5
whelp,1
whereabouts,1
whereas,1
whereupon,1
wherever,1
wherewith,1
whet,6
whiff,2
whim,1
whimsical,12
whimsy,1
whine,2
whinny,1
whit,2
whitewash,1
whittle,2
wholesome,2
wholly,1
whorl,3
wickedness,1
wield,1
wiggle,1
wile,1
willful,2
willowy,1
wilt,1
wily,5
wince,2
windbag,1
windfall,1
windy,1
winnow,2
winsome,7
wintry,1
wiry,1
wisp,1
wispy,1
wistful,3
wit,1
witchcraft,1
withdraw,1
withdrawn,1
wither,2
withhold,2
withstand,1
witless,3
witling,1
witticism,3
wittingly,1
wizardry,2
wizen,2
wizen-faced,1
wizened,5
wobble,1
woe,1
woeful,2
wont,3
working-man,1
workmanlike,1
workmanship,1
worldly,3
worship,1
wraith,3
wrangle,3
wrangler,1
wrath,1
wreak,4
wrench,1
wrest,3
wretch,1
wretched,1
wretchedness,1
wring,1
wrinkle,1
writ,1
writhe,2
writing,1
wrongheaded,1
wry,4
xenophobe,1
xenophobia,3
xenophobic,1
yearling,1
yen,1
yeoman,3
yield,4
yoke,4
yokel,3
yore,2
zany,2
zeal,5
zealot,6
zealous,4
zeitgeist,3
zenith,10
zephyr,5
zest,2
zesty,1
zodiac,1
